product,year,region,name,unit,electrolyser_efficiency
Ammonia,2020,China,Electrolyser efficiency,kWh/tH2,53000
Ammonium nitrate,2020,China,Electrolyser efficiency,kWh/tH2,53000
Urea,2020,China,Electrolyser efficiency,kWh/tH2,53000
Ammonia,2020,Rest of Asia,Electrolyser efficiency,kWh/tH2,53000
Ammonium nitrate,2020,Rest of Asia,Electrolyser efficiency,kWh/tH2,53000
Urea,2020,Rest of Asia,Electrolyser efficiency,kWh/tH2,53000
Ammonia,2020,North America,Electrolyser efficiency,kWh/tH2,53000
Ammonium nitrate,2020,North America,Electrolyser efficiency,kWh/tH2,53000
Urea,2020,North America,Electrolyser efficiency,kWh/tH2,53000
Ammonia,2020,Russia,Electrolyser efficiency,kWh/tH2,53000
Ammonium nitrate,2020,Russia,Electrolyser efficiency,kWh/tH2,53000
Urea,2020,Russia,Electrolyser efficiency,kWh/tH2,53000
Ammonia,2020,Europe,Electrolyser efficiency,kWh/tH2,53000
Ammonium nitrate,2020,Europe,Electrolyser efficiency,kWh/tH2,53000
Urea,2020,Europe,Electrolyser efficiency,kWh/tH2,53000
Ammonia,2020,India,Electrolyser efficiency,kWh/tH2,53000
Ammonium nitrate,2020,India,Electrolyser efficiency,kWh/tH2,53000
Urea,2020,India,Electrolyser efficiency,kWh/tH2,53000
Ammonia,2020,Middle East,Electrolyser efficiency,kWh/tH2,53000
Ammonium nitrate,2020,Middle East,Electrolyser efficiency,kWh/tH2,53000
Urea,2020,Middle East,Electrolyser efficiency,kWh/tH2,53000
Ammonia,2020,Africa,Electrolyser efficiency,kWh/tH2,53000
Ammonium nitrate,2020,Africa,Electrolyser efficiency,kWh/tH2,53000
Urea,2020,Africa,Electrolyser efficiency,kWh/tH2,53000
Ammonia,2020,Latin America,Electrolyser efficiency,kWh/tH2,53000
Ammonium nitrate,2020,Latin America,Electrolyser efficiency,kWh/tH2,53000
Urea,2020,Latin America,Electrolyser efficiency,kWh/tH2,53000
Ammonia,2020,Oceania,Electrolyser efficiency,kWh/tH2,53000
Ammonium nitrate,2020,Oceania,Electrolyser efficiency,kWh/tH2,53000
Urea,2020,Oceania,Electrolyser efficiency,kWh/tH2,53000
Ammonia,2020,Brazil,Electrolyser efficiency,kWh/tH2,53000
Ammonium nitrate,2020,Brazil,Electrolyser efficiency,kWh/tH2,53000
Urea,2020,Brazil,Electrolyser efficiency,kWh/tH2,53000
Ammonia,2020,Saudi Arabia,Electrolyser efficiency,kWh/tH2,53000
Ammonium nitrate,2020,Saudi Arabia,Electrolyser efficiency,kWh/tH2,53000
Urea,2020,Saudi Arabia,Electrolyser efficiency,kWh/tH2,53000
Ammonia,2020,Namibia,Electrolyser efficiency,kWh/tH2,53000
Ammonium nitrate,2020,Namibia,Electrolyser efficiency,kWh/tH2,53000
Urea,2020,Namibia,Electrolyser efficiency,kWh/tH2,53000
Ammonia,2020,Australia,Electrolyser efficiency,kWh/tH2,53000
Ammonium nitrate,2020,Australia,Electrolyser efficiency,kWh/tH2,53000
Urea,2020,Australia,Electrolyser efficiency,kWh/tH2,53000
Ammonia,2021,China,Electrolyser efficiency,kWh/tH2,52600
Ammonium nitrate,2021,China,Electrolyser efficiency,kWh/tH2,52600
Urea,2021,China,Electrolyser efficiency,kWh/tH2,52600
Ammonia,2021,Rest of Asia,Electrolyser efficiency,kWh/tH2,52600
Ammonium nitrate,2021,Rest of Asia,Electrolyser efficiency,kWh/tH2,52600
Urea,2021,Rest of Asia,Electrolyser efficiency,kWh/tH2,52600
Ammonia,2021,North America,Electrolyser efficiency,kWh/tH2,52600
Ammonium nitrate,2021,North America,Electrolyser efficiency,kWh/tH2,52600
Urea,2021,North America,Electrolyser efficiency,kWh/tH2,52600
Ammonia,2021,Russia,Electrolyser efficiency,kWh/tH2,52600
Ammonium nitrate,2021,Russia,Electrolyser efficiency,kWh/tH2,52600
Urea,2021,Russia,Electrolyser efficiency,kWh/tH2,52600
Ammonia,2021,Europe,Electrolyser efficiency,kWh/tH2,52600
Ammonium nitrate,2021,Europe,Electrolyser efficiency,kWh/tH2,52600
Urea,2021,Europe,Electrolyser efficiency,kWh/tH2,52600
Ammonia,2021,India,Electrolyser efficiency,kWh/tH2,52600
Ammonium nitrate,2021,India,Electrolyser efficiency,kWh/tH2,52600
Urea,2021,India,Electrolyser efficiency,kWh/tH2,52600
Ammonia,2021,Middle East,Electrolyser efficiency,kWh/tH2,52600
Ammonium nitrate,2021,Middle East,Electrolyser efficiency,kWh/tH2,52600
Urea,2021,Middle East,Electrolyser efficiency,kWh/tH2,52600
Ammonia,2021,Africa,Electrolyser efficiency,kWh/tH2,52600
Ammonium nitrate,2021,Africa,Electrolyser efficiency,kWh/tH2,52600
Urea,2021,Africa,Electrolyser efficiency,kWh/tH2,52600
Ammonia,2021,Latin America,Electrolyser efficiency,kWh/tH2,52600
Ammonium nitrate,2021,Latin America,Electrolyser efficiency,kWh/tH2,52600
Urea,2021,Latin America,Electrolyser efficiency,kWh/tH2,52600
Ammonia,2021,Oceania,Electrolyser efficiency,kWh/tH2,52600
Ammonium nitrate,2021,Oceania,Electrolyser efficiency,kWh/tH2,52600
Urea,2021,Oceania,Electrolyser efficiency,kWh/tH2,52600
Ammonia,2021,Brazil,Electrolyser efficiency,kWh/tH2,52600
Ammonium nitrate,2021,Brazil,Electrolyser efficiency,kWh/tH2,52600
Urea,2021,Brazil,Electrolyser efficiency,kWh/tH2,52600
Ammonia,2021,Saudi Arabia,Electrolyser efficiency,kWh/tH2,52600
Ammonium nitrate,2021,Saudi Arabia,Electrolyser efficiency,kWh/tH2,52600
Urea,2021,Saudi Arabia,Electrolyser efficiency,kWh/tH2,52600
Ammonia,2021,Namibia,Electrolyser efficiency,kWh/tH2,52600
Ammonium nitrate,2021,Namibia,Electrolyser efficiency,kWh/tH2,52600
Urea,2021,Namibia,Electrolyser efficiency,kWh/tH2,52600
Ammonia,2021,Australia,Electrolyser efficiency,kWh/tH2,52600
Ammonium nitrate,2021,Australia,Electrolyser efficiency,kWh/tH2,52600
Urea,2021,Australia,Electrolyser efficiency,kWh/tH2,52600
Ammonia,2022,China,Electrolyser efficiency,kWh/tH2,52200
Ammonium nitrate,2022,China,Electrolyser efficiency,kWh/tH2,52200
Urea,2022,China,Electrolyser efficiency,kWh/tH2,52200
Ammonia,2022,Rest of Asia,Electrolyser efficiency,kWh/tH2,52200
Ammonium nitrate,2022,Rest of Asia,Electrolyser efficiency,kWh/tH2,52200
Urea,2022,Rest of Asia,Electrolyser efficiency,kWh/tH2,52200
Ammonia,2022,North America,Electrolyser efficiency,kWh/tH2,52200
Ammonium nitrate,2022,North America,Electrolyser efficiency,kWh/tH2,52200
Urea,2022,North America,Electrolyser efficiency,kWh/tH2,52200
Ammonia,2022,Russia,Electrolyser efficiency,kWh/tH2,52200
Ammonium nitrate,2022,Russia,Electrolyser efficiency,kWh/tH2,52200
Urea,2022,Russia,Electrolyser efficiency,kWh/tH2,52200
Ammonia,2022,Europe,Electrolyser efficiency,kWh/tH2,52200
Ammonium nitrate,2022,Europe,Electrolyser efficiency,kWh/tH2,52200
Urea,2022,Europe,Electrolyser efficiency,kWh/tH2,52200
Ammonia,2022,India,Electrolyser efficiency,kWh/tH2,52200
Ammonium nitrate,2022,India,Electrolyser efficiency,kWh/tH2,52200
Urea,2022,India,Electrolyser efficiency,kWh/tH2,52200
Ammonia,2022,Middle East,Electrolyser efficiency,kWh/tH2,52200
Ammonium nitrate,2022,Middle East,Electrolyser efficiency,kWh/tH2,52200
Urea,2022,Middle East,Electrolyser efficiency,kWh/tH2,52200
Ammonia,2022,Africa,Electrolyser efficiency,kWh/tH2,52200
Ammonium nitrate,2022,Africa,Electrolyser efficiency,kWh/tH2,52200
Urea,2022,Africa,Electrolyser efficiency,kWh/tH2,52200
Ammonia,2022,Latin America,Electrolyser efficiency,kWh/tH2,52200
Ammonium nitrate,2022,Latin America,Electrolyser efficiency,kWh/tH2,52200
Urea,2022,Latin America,Electrolyser efficiency,kWh/tH2,52200
Ammonia,2022,Oceania,Electrolyser efficiency,kWh/tH2,52200
Ammonium nitrate,2022,Oceania,Electrolyser efficiency,kWh/tH2,52200
Urea,2022,Oceania,Electrolyser efficiency,kWh/tH2,52200
Ammonia,2022,Brazil,Electrolyser efficiency,kWh/tH2,52200
Ammonium nitrate,2022,Brazil,Electrolyser efficiency,kWh/tH2,52200
Urea,2022,Brazil,Electrolyser efficiency,kWh/tH2,52200
Ammonia,2022,Saudi Arabia,Electrolyser efficiency,kWh/tH2,52200
Ammonium nitrate,2022,Saudi Arabia,Electrolyser efficiency,kWh/tH2,52200
Urea,2022,Saudi Arabia,Electrolyser efficiency,kWh/tH2,52200
Ammonia,2022,Namibia,Electrolyser efficiency,kWh/tH2,52200
Ammonium nitrate,2022,Namibia,Electrolyser efficiency,kWh/tH2,52200
Urea,2022,Namibia,Electrolyser efficiency,kWh/tH2,52200
Ammonia,2022,Australia,Electrolyser efficiency,kWh/tH2,52200
Ammonium nitrate,2022,Australia,Electrolyser efficiency,kWh/tH2,52200
Urea,2022,Australia,Electrolyser efficiency,kWh/tH2,52200
Ammonia,2023,China,Electrolyser efficiency,kWh/tH2,51800
Ammonium nitrate,2023,China,Electrolyser efficiency,kWh/tH2,51800
Urea,2023,China,Electrolyser efficiency,kWh/tH2,51800
Ammonia,2023,Rest of Asia,Electrolyser efficiency,kWh/tH2,51800
Ammonium nitrate,2023,Rest of Asia,Electrolyser efficiency,kWh/tH2,51800
Urea,2023,Rest of Asia,Electrolyser efficiency,kWh/tH2,51800
Ammonia,2023,North America,Electrolyser efficiency,kWh/tH2,51800
Ammonium nitrate,2023,North America,Electrolyser efficiency,kWh/tH2,51800
Urea,2023,North America,Electrolyser efficiency,kWh/tH2,51800
Ammonia,2023,Russia,Electrolyser efficiency,kWh/tH2,51800
Ammonium nitrate,2023,Russia,Electrolyser efficiency,kWh/tH2,51800
Urea,2023,Russia,Electrolyser efficiency,kWh/tH2,51800
Ammonia,2023,Europe,Electrolyser efficiency,kWh/tH2,51800
Ammonium nitrate,2023,Europe,Electrolyser efficiency,kWh/tH2,51800
Urea,2023,Europe,Electrolyser efficiency,kWh/tH2,51800
Ammonia,2023,India,Electrolyser efficiency,kWh/tH2,51800
Ammonium nitrate,2023,India,Electrolyser efficiency,kWh/tH2,51800
Urea,2023,India,Electrolyser efficiency,kWh/tH2,51800
Ammonia,2023,Middle East,Electrolyser efficiency,kWh/tH2,51800
Ammonium nitrate,2023,Middle East,Electrolyser efficiency,kWh/tH2,51800
Urea,2023,Middle East,Electrolyser efficiency,kWh/tH2,51800
Ammonia,2023,Africa,Electrolyser efficiency,kWh/tH2,51800
Ammonium nitrate,2023,Africa,Electrolyser efficiency,kWh/tH2,51800
Urea,2023,Africa,Electrolyser efficiency,kWh/tH2,51800
Ammonia,2023,Latin America,Electrolyser efficiency,kWh/tH2,51800
Ammonium nitrate,2023,Latin America,Electrolyser efficiency,kWh/tH2,51800
Urea,2023,Latin America,Electrolyser efficiency,kWh/tH2,51800
Ammonia,2023,Oceania,Electrolyser efficiency,kWh/tH2,51800
Ammonium nitrate,2023,Oceania,Electrolyser efficiency,kWh/tH2,51800
Urea,2023,Oceania,Electrolyser efficiency,kWh/tH2,51800
Ammonia,2023,Brazil,Electrolyser efficiency,kWh/tH2,51800
Ammonium nitrate,2023,Brazil,Electrolyser efficiency,kWh/tH2,51800
Urea,2023,Brazil,Electrolyser efficiency,kWh/tH2,51800
Ammonia,2023,Saudi Arabia,Electrolyser efficiency,kWh/tH2,51800
Ammonium nitrate,2023,Saudi Arabia,Electrolyser efficiency,kWh/tH2,51800
Urea,2023,Saudi Arabia,Electrolyser efficiency,kWh/tH2,51800
Ammonia,2023,Namibia,Electrolyser efficiency,kWh/tH2,51800
Ammonium nitrate,2023,Namibia,Electrolyser efficiency,kWh/tH2,51800
Urea,2023,Namibia,Electrolyser efficiency,kWh/tH2,51800
Ammonia,2023,Australia,Electrolyser efficiency,kWh/tH2,51800
Ammonium nitrate,2023,Australia,Electrolyser efficiency,kWh/tH2,51800
Urea,2023,Australia,Electrolyser efficiency,kWh/tH2,51800
Ammonia,2024,China,Electrolyser efficiency,kWh/tH2,51400
Ammonium nitrate,2024,China,Electrolyser efficiency,kWh/tH2,51400
Urea,2024,China,Electrolyser efficiency,kWh/tH2,51400
Ammonia,2024,Rest of Asia,Electrolyser efficiency,kWh/tH2,51400
Ammonium nitrate,2024,Rest of Asia,Electrolyser efficiency,kWh/tH2,51400
Urea,2024,Rest of Asia,Electrolyser efficiency,kWh/tH2,51400
Ammonia,2024,North America,Electrolyser efficiency,kWh/tH2,51400
Ammonium nitrate,2024,North America,Electrolyser efficiency,kWh/tH2,51400
Urea,2024,North America,Electrolyser efficiency,kWh/tH2,51400
Ammonia,2024,Russia,Electrolyser efficiency,kWh/tH2,51400
Ammonium nitrate,2024,Russia,Electrolyser efficiency,kWh/tH2,51400
Urea,2024,Russia,Electrolyser efficiency,kWh/tH2,51400
Ammonia,2024,Europe,Electrolyser efficiency,kWh/tH2,51400
Ammonium nitrate,2024,Europe,Electrolyser efficiency,kWh/tH2,51400
Urea,2024,Europe,Electrolyser efficiency,kWh/tH2,51400
Ammonia,2024,India,Electrolyser efficiency,kWh/tH2,51400
Ammonium nitrate,2024,India,Electrolyser efficiency,kWh/tH2,51400
Urea,2024,India,Electrolyser efficiency,kWh/tH2,51400
Ammonia,2024,Middle East,Electrolyser efficiency,kWh/tH2,51400
Ammonium nitrate,2024,Middle East,Electrolyser efficiency,kWh/tH2,51400
Urea,2024,Middle East,Electrolyser efficiency,kWh/tH2,51400
Ammonia,2024,Africa,Electrolyser efficiency,kWh/tH2,51400
Ammonium nitrate,2024,Africa,Electrolyser efficiency,kWh/tH2,51400
Urea,2024,Africa,Electrolyser efficiency,kWh/tH2,51400
Ammonia,2024,Latin America,Electrolyser efficiency,kWh/tH2,51400
Ammonium nitrate,2024,Latin America,Electrolyser efficiency,kWh/tH2,51400
Urea,2024,Latin America,Electrolyser efficiency,kWh/tH2,51400
Ammonia,2024,Oceania,Electrolyser efficiency,kWh/tH2,51400
Ammonium nitrate,2024,Oceania,Electrolyser efficiency,kWh/tH2,51400
Urea,2024,Oceania,Electrolyser efficiency,kWh/tH2,51400
Ammonia,2024,Brazil,Electrolyser efficiency,kWh/tH2,51400
Ammonium nitrate,2024,Brazil,Electrolyser efficiency,kWh/tH2,51400
Urea,2024,Brazil,Electrolyser efficiency,kWh/tH2,51400
Ammonia,2024,Saudi Arabia,Electrolyser efficiency,kWh/tH2,51400
Ammonium nitrate,2024,Saudi Arabia,Electrolyser efficiency,kWh/tH2,51400
Urea,2024,Saudi Arabia,Electrolyser efficiency,kWh/tH2,51400
Ammonia,2024,Namibia,Electrolyser efficiency,kWh/tH2,51400
Ammonium nitrate,2024,Namibia,Electrolyser efficiency,kWh/tH2,51400
Urea,2024,Namibia,Electrolyser efficiency,kWh/tH2,51400
Ammonia,2024,Australia,Electrolyser efficiency,kWh/tH2,51400
Ammonium nitrate,2024,Australia,Electrolyser efficiency,kWh/tH2,51400
Urea,2024,Australia,Electrolyser efficiency,kWh/tH2,51400
Ammonia,2025,China,Electrolyser efficiency,kWh/tH2,51000
Ammonium nitrate,2025,China,Electrolyser efficiency,kWh/tH2,51000
Urea,2025,China,Electrolyser efficiency,kWh/tH2,51000
Ammonia,2025,Rest of Asia,Electrolyser efficiency,kWh/tH2,51000
Ammonium nitrate,2025,Rest of Asia,Electrolyser efficiency,kWh/tH2,51000
Urea,2025,Rest of Asia,Electrolyser efficiency,kWh/tH2,51000
Ammonia,2025,North America,Electrolyser efficiency,kWh/tH2,51000
Ammonium nitrate,2025,North America,Electrolyser efficiency,kWh/tH2,51000
Urea,2025,North America,Electrolyser efficiency,kWh/tH2,51000
Ammonia,2025,Russia,Electrolyser efficiency,kWh/tH2,51000
Ammonium nitrate,2025,Russia,Electrolyser efficiency,kWh/tH2,51000
Urea,2025,Russia,Electrolyser efficiency,kWh/tH2,51000
Ammonia,2025,Europe,Electrolyser efficiency,kWh/tH2,51000
Ammonium nitrate,2025,Europe,Electrolyser efficiency,kWh/tH2,51000
Urea,2025,Europe,Electrolyser efficiency,kWh/tH2,51000
Ammonia,2025,India,Electrolyser efficiency,kWh/tH2,51000
Ammonium nitrate,2025,India,Electrolyser efficiency,kWh/tH2,51000
Urea,2025,India,Electrolyser efficiency,kWh/tH2,51000
Ammonia,2025,Middle East,Electrolyser efficiency,kWh/tH2,51000
Ammonium nitrate,2025,Middle East,Electrolyser efficiency,kWh/tH2,51000
Urea,2025,Middle East,Electrolyser efficiency,kWh/tH2,51000
Ammonia,2025,Africa,Electrolyser efficiency,kWh/tH2,51000
Ammonium nitrate,2025,Africa,Electrolyser efficiency,kWh/tH2,51000
Urea,2025,Africa,Electrolyser efficiency,kWh/tH2,51000
Ammonia,2025,Latin America,Electrolyser efficiency,kWh/tH2,51000
Ammonium nitrate,2025,Latin America,Electrolyser efficiency,kWh/tH2,51000
Urea,2025,Latin America,Electrolyser efficiency,kWh/tH2,51000
Ammonia,2025,Oceania,Electrolyser efficiency,kWh/tH2,51000
Ammonium nitrate,2025,Oceania,Electrolyser efficiency,kWh/tH2,51000
Urea,2025,Oceania,Electrolyser efficiency,kWh/tH2,51000
Ammonia,2025,Brazil,Electrolyser efficiency,kWh/tH2,51000
Ammonium nitrate,2025,Brazil,Electrolyser efficiency,kWh/tH2,51000
Urea,2025,Brazil,Electrolyser efficiency,kWh/tH2,51000
Ammonia,2025,Saudi Arabia,Electrolyser efficiency,kWh/tH2,51000
Ammonium nitrate,2025,Saudi Arabia,Electrolyser efficiency,kWh/tH2,51000
Urea,2025,Saudi Arabia,Electrolyser efficiency,kWh/tH2,51000
Ammonia,2025,Namibia,Electrolyser efficiency,kWh/tH2,51000
Ammonium nitrate,2025,Namibia,Electrolyser efficiency,kWh/tH2,51000
Urea,2025,Namibia,Electrolyser efficiency,kWh/tH2,51000
Ammonia,2025,Australia,Electrolyser efficiency,kWh/tH2,51000
Ammonium nitrate,2025,Australia,Electrolyser efficiency,kWh/tH2,51000
Urea,2025,Australia,Electrolyser efficiency,kWh/tH2,51000
Ammonia,2026,China,Electrolyser efficiency,kWh/tH2,50600
Ammonium nitrate,2026,China,Electrolyser efficiency,kWh/tH2,50600
Urea,2026,China,Electrolyser efficiency,kWh/tH2,50600
Ammonia,2026,Rest of Asia,Electrolyser efficiency,kWh/tH2,50600
Ammonium nitrate,2026,Rest of Asia,Electrolyser efficiency,kWh/tH2,50600
Urea,2026,Rest of Asia,Electrolyser efficiency,kWh/tH2,50600
Ammonia,2026,North America,Electrolyser efficiency,kWh/tH2,50600
Ammonium nitrate,2026,North America,Electrolyser efficiency,kWh/tH2,50600
Urea,2026,North America,Electrolyser efficiency,kWh/tH2,50600
Ammonia,2026,Russia,Electrolyser efficiency,kWh/tH2,50600
Ammonium nitrate,2026,Russia,Electrolyser efficiency,kWh/tH2,50600
Urea,2026,Russia,Electrolyser efficiency,kWh/tH2,50600
Ammonia,2026,Europe,Electrolyser efficiency,kWh/tH2,50600
Ammonium nitrate,2026,Europe,Electrolyser efficiency,kWh/tH2,50600
Urea,2026,Europe,Electrolyser efficiency,kWh/tH2,50600
Ammonia,2026,India,Electrolyser efficiency,kWh/tH2,50600
Ammonium nitrate,2026,India,Electrolyser efficiency,kWh/tH2,50600
Urea,2026,India,Electrolyser efficiency,kWh/tH2,50600
Ammonia,2026,Middle East,Electrolyser efficiency,kWh/tH2,50600
Ammonium nitrate,2026,Middle East,Electrolyser efficiency,kWh/tH2,50600
Urea,2026,Middle East,Electrolyser efficiency,kWh/tH2,50600
Ammonia,2026,Africa,Electrolyser efficiency,kWh/tH2,50600
Ammonium nitrate,2026,Africa,Electrolyser efficiency,kWh/tH2,50600
Urea,2026,Africa,Electrolyser efficiency,kWh/tH2,50600
Ammonia,2026,Latin America,Electrolyser efficiency,kWh/tH2,50600
Ammonium nitrate,2026,Latin America,Electrolyser efficiency,kWh/tH2,50600
Urea,2026,Latin America,Electrolyser efficiency,kWh/tH2,50600
Ammonia,2026,Oceania,Electrolyser efficiency,kWh/tH2,50600
Ammonium nitrate,2026,Oceania,Electrolyser efficiency,kWh/tH2,50600
Urea,2026,Oceania,Electrolyser efficiency,kWh/tH2,50600
Ammonia,2026,Brazil,Electrolyser efficiency,kWh/tH2,50600
Ammonium nitrate,2026,Brazil,Electrolyser efficiency,kWh/tH2,50600
Urea,2026,Brazil,Electrolyser efficiency,kWh/tH2,50600
Ammonia,2026,Saudi Arabia,Electrolyser efficiency,kWh/tH2,50600
Ammonium nitrate,2026,Saudi Arabia,Electrolyser efficiency,kWh/tH2,50600
Urea,2026,Saudi Arabia,Electrolyser efficiency,kWh/tH2,50600
Ammonia,2026,Namibia,Electrolyser efficiency,kWh/tH2,50600
Ammonium nitrate,2026,Namibia,Electrolyser efficiency,kWh/tH2,50600
Urea,2026,Namibia,Electrolyser efficiency,kWh/tH2,50600
Ammonia,2026,Australia,Electrolyser efficiency,kWh/tH2,50600
Ammonium nitrate,2026,Australia,Electrolyser efficiency,kWh/tH2,50600
Urea,2026,Australia,Electrolyser efficiency,kWh/tH2,50600
Ammonia,2027,China,Electrolyser efficiency,kWh/tH2,50200
Ammonium nitrate,2027,China,Electrolyser efficiency,kWh/tH2,50200
Urea,2027,China,Electrolyser efficiency,kWh/tH2,50200
Ammonia,2027,Rest of Asia,Electrolyser efficiency,kWh/tH2,50200
Ammonium nitrate,2027,Rest of Asia,Electrolyser efficiency,kWh/tH2,50200
Urea,2027,Rest of Asia,Electrolyser efficiency,kWh/tH2,50200
Ammonia,2027,North America,Electrolyser efficiency,kWh/tH2,50200
Ammonium nitrate,2027,North America,Electrolyser efficiency,kWh/tH2,50200
Urea,2027,North America,Electrolyser efficiency,kWh/tH2,50200
Ammonia,2027,Russia,Electrolyser efficiency,kWh/tH2,50200
Ammonium nitrate,2027,Russia,Electrolyser efficiency,kWh/tH2,50200
Urea,2027,Russia,Electrolyser efficiency,kWh/tH2,50200
Ammonia,2027,Europe,Electrolyser efficiency,kWh/tH2,50200
Ammonium nitrate,2027,Europe,Electrolyser efficiency,kWh/tH2,50200
Urea,2027,Europe,Electrolyser efficiency,kWh/tH2,50200
Ammonia,2027,India,Electrolyser efficiency,kWh/tH2,50200
Ammonium nitrate,2027,India,Electrolyser efficiency,kWh/tH2,50200
Urea,2027,India,Electrolyser efficiency,kWh/tH2,50200
Ammonia,2027,Middle East,Electrolyser efficiency,kWh/tH2,50200
Ammonium nitrate,2027,Middle East,Electrolyser efficiency,kWh/tH2,50200
Urea,2027,Middle East,Electrolyser efficiency,kWh/tH2,50200
Ammonia,2027,Africa,Electrolyser efficiency,kWh/tH2,50200
Ammonium nitrate,2027,Africa,Electrolyser efficiency,kWh/tH2,50200
Urea,2027,Africa,Electrolyser efficiency,kWh/tH2,50200
Ammonia,2027,Latin America,Electrolyser efficiency,kWh/tH2,50200
Ammonium nitrate,2027,Latin America,Electrolyser efficiency,kWh/tH2,50200
Urea,2027,Latin America,Electrolyser efficiency,kWh/tH2,50200
Ammonia,2027,Oceania,Electrolyser efficiency,kWh/tH2,50200
Ammonium nitrate,2027,Oceania,Electrolyser efficiency,kWh/tH2,50200
Urea,2027,Oceania,Electrolyser efficiency,kWh/tH2,50200
Ammonia,2027,Brazil,Electrolyser efficiency,kWh/tH2,50200
Ammonium nitrate,2027,Brazil,Electrolyser efficiency,kWh/tH2,50200
Urea,2027,Brazil,Electrolyser efficiency,kWh/tH2,50200
Ammonia,2027,Saudi Arabia,Electrolyser efficiency,kWh/tH2,50200
Ammonium nitrate,2027,Saudi Arabia,Electrolyser efficiency,kWh/tH2,50200
Urea,2027,Saudi Arabia,Electrolyser efficiency,kWh/tH2,50200
Ammonia,2027,Namibia,Electrolyser efficiency,kWh/tH2,50200
Ammonium nitrate,2027,Namibia,Electrolyser efficiency,kWh/tH2,50200
Urea,2027,Namibia,Electrolyser efficiency,kWh/tH2,50200
Ammonia,2027,Australia,Electrolyser efficiency,kWh/tH2,50200
Ammonium nitrate,2027,Australia,Electrolyser efficiency,kWh/tH2,50200
Urea,2027,Australia,Electrolyser efficiency,kWh/tH2,50200
Ammonia,2028,China,Electrolyser efficiency,kWh/tH2,49800
Ammonium nitrate,2028,China,Electrolyser efficiency,kWh/tH2,49800
Urea,2028,China,Electrolyser efficiency,kWh/tH2,49800
Ammonia,2028,Rest of Asia,Electrolyser efficiency,kWh/tH2,49800
Ammonium nitrate,2028,Rest of Asia,Electrolyser efficiency,kWh/tH2,49800
Urea,2028,Rest of Asia,Electrolyser efficiency,kWh/tH2,49800
Ammonia,2028,North America,Electrolyser efficiency,kWh/tH2,49800
Ammonium nitrate,2028,North America,Electrolyser efficiency,kWh/tH2,49800
Urea,2028,North America,Electrolyser efficiency,kWh/tH2,49800
Ammonia,2028,Russia,Electrolyser efficiency,kWh/tH2,49800
Ammonium nitrate,2028,Russia,Electrolyser efficiency,kWh/tH2,49800
Urea,2028,Russia,Electrolyser efficiency,kWh/tH2,49800
Ammonia,2028,Europe,Electrolyser efficiency,kWh/tH2,49800
Ammonium nitrate,2028,Europe,Electrolyser efficiency,kWh/tH2,49800
Urea,2028,Europe,Electrolyser efficiency,kWh/tH2,49800
Ammonia,2028,India,Electrolyser efficiency,kWh/tH2,49800
Ammonium nitrate,2028,India,Electrolyser efficiency,kWh/tH2,49800
Urea,2028,India,Electrolyser efficiency,kWh/tH2,49800
Ammonia,2028,Middle East,Electrolyser efficiency,kWh/tH2,49800
Ammonium nitrate,2028,Middle East,Electrolyser efficiency,kWh/tH2,49800
Urea,2028,Middle East,Electrolyser efficiency,kWh/tH2,49800
Ammonia,2028,Africa,Electrolyser efficiency,kWh/tH2,49800
Ammonium nitrate,2028,Africa,Electrolyser efficiency,kWh/tH2,49800
Urea,2028,Africa,Electrolyser efficiency,kWh/tH2,49800
Ammonia,2028,Latin America,Electrolyser efficiency,kWh/tH2,49800
Ammonium nitrate,2028,Latin America,Electrolyser efficiency,kWh/tH2,49800
Urea,2028,Latin America,Electrolyser efficiency,kWh/tH2,49800
Ammonia,2028,Oceania,Electrolyser efficiency,kWh/tH2,49800
Ammonium nitrate,2028,Oceania,Electrolyser efficiency,kWh/tH2,49800
Urea,2028,Oceania,Electrolyser efficiency,kWh/tH2,49800
Ammonia,2028,Brazil,Electrolyser efficiency,kWh/tH2,49800
Ammonium nitrate,2028,Brazil,Electrolyser efficiency,kWh/tH2,49800
Urea,2028,Brazil,Electrolyser efficiency,kWh/tH2,49800
Ammonia,2028,Saudi Arabia,Electrolyser efficiency,kWh/tH2,49800
Ammonium nitrate,2028,Saudi Arabia,Electrolyser efficiency,kWh/tH2,49800
Urea,2028,Saudi Arabia,Electrolyser efficiency,kWh/tH2,49800
Ammonia,2028,Namibia,Electrolyser efficiency,kWh/tH2,49800
Ammonium nitrate,2028,Namibia,Electrolyser efficiency,kWh/tH2,49800
Urea,2028,Namibia,Electrolyser efficiency,kWh/tH2,49800
Ammonia,2028,Australia,Electrolyser efficiency,kWh/tH2,49800
Ammonium nitrate,2028,Australia,Electrolyser efficiency,kWh/tH2,49800
Urea,2028,Australia,Electrolyser efficiency,kWh/tH2,49800
Ammonia,2029,China,Electrolyser efficiency,kWh/tH2,49400
Ammonium nitrate,2029,China,Electrolyser efficiency,kWh/tH2,49400
Urea,2029,China,Electrolyser efficiency,kWh/tH2,49400
Ammonia,2029,Rest of Asia,Electrolyser efficiency,kWh/tH2,49400
Ammonium nitrate,2029,Rest of Asia,Electrolyser efficiency,kWh/tH2,49400
Urea,2029,Rest of Asia,Electrolyser efficiency,kWh/tH2,49400
Ammonia,2029,North America,Electrolyser efficiency,kWh/tH2,49400
Ammonium nitrate,2029,North America,Electrolyser efficiency,kWh/tH2,49400
Urea,2029,North America,Electrolyser efficiency,kWh/tH2,49400
Ammonia,2029,Russia,Electrolyser efficiency,kWh/tH2,49400
Ammonium nitrate,2029,Russia,Electrolyser efficiency,kWh/tH2,49400
Urea,2029,Russia,Electrolyser efficiency,kWh/tH2,49400
Ammonia,2029,Europe,Electrolyser efficiency,kWh/tH2,49400
Ammonium nitrate,2029,Europe,Electrolyser efficiency,kWh/tH2,49400
Urea,2029,Europe,Electrolyser efficiency,kWh/tH2,49400
Ammonia,2029,India,Electrolyser efficiency,kWh/tH2,49400
Ammonium nitrate,2029,India,Electrolyser efficiency,kWh/tH2,49400
Urea,2029,India,Electrolyser efficiency,kWh/tH2,49400
Ammonia,2029,Middle East,Electrolyser efficiency,kWh/tH2,49400
Ammonium nitrate,2029,Middle East,Electrolyser efficiency,kWh/tH2,49400
Urea,2029,Middle East,Electrolyser efficiency,kWh/tH2,49400
Ammonia,2029,Africa,Electrolyser efficiency,kWh/tH2,49400
Ammonium nitrate,2029,Africa,Electrolyser efficiency,kWh/tH2,49400
Urea,2029,Africa,Electrolyser efficiency,kWh/tH2,49400
Ammonia,2029,Latin America,Electrolyser efficiency,kWh/tH2,49400
Ammonium nitrate,2029,Latin America,Electrolyser efficiency,kWh/tH2,49400
Urea,2029,Latin America,Electrolyser efficiency,kWh/tH2,49400
Ammonia,2029,Oceania,Electrolyser efficiency,kWh/tH2,49400
Ammonium nitrate,2029,Oceania,Electrolyser efficiency,kWh/tH2,49400
Urea,2029,Oceania,Electrolyser efficiency,kWh/tH2,49400
Ammonia,2029,Brazil,Electrolyser efficiency,kWh/tH2,49400
Ammonium nitrate,2029,Brazil,Electrolyser efficiency,kWh/tH2,49400
Urea,2029,Brazil,Electrolyser efficiency,kWh/tH2,49400
Ammonia,2029,Saudi Arabia,Electrolyser efficiency,kWh/tH2,49400
Ammonium nitrate,2029,Saudi Arabia,Electrolyser efficiency,kWh/tH2,49400
Urea,2029,Saudi Arabia,Electrolyser efficiency,kWh/tH2,49400
Ammonia,2029,Namibia,Electrolyser efficiency,kWh/tH2,49400
Ammonium nitrate,2029,Namibia,Electrolyser efficiency,kWh/tH2,49400
Urea,2029,Namibia,Electrolyser efficiency,kWh/tH2,49400
Ammonia,2029,Australia,Electrolyser efficiency,kWh/tH2,49400
Ammonium nitrate,2029,Australia,Electrolyser efficiency,kWh/tH2,49400
Urea,2029,Australia,Electrolyser efficiency,kWh/tH2,49400
Ammonia,2030,China,Electrolyser efficiency,kWh/tH2,49000
Ammonium nitrate,2030,China,Electrolyser efficiency,kWh/tH2,49000
Urea,2030,China,Electrolyser efficiency,kWh/tH2,49000
Ammonia,2030,Rest of Asia,Electrolyser efficiency,kWh/tH2,49000
Ammonium nitrate,2030,Rest of Asia,Electrolyser efficiency,kWh/tH2,49000
Urea,2030,Rest of Asia,Electrolyser efficiency,kWh/tH2,49000
Ammonia,2030,North America,Electrolyser efficiency,kWh/tH2,49000
Ammonium nitrate,2030,North America,Electrolyser efficiency,kWh/tH2,49000
Urea,2030,North America,Electrolyser efficiency,kWh/tH2,49000
Ammonia,2030,Russia,Electrolyser efficiency,kWh/tH2,49000
Ammonium nitrate,2030,Russia,Electrolyser efficiency,kWh/tH2,49000
Urea,2030,Russia,Electrolyser efficiency,kWh/tH2,49000
Ammonia,2030,Europe,Electrolyser efficiency,kWh/tH2,49000
Ammonium nitrate,2030,Europe,Electrolyser efficiency,kWh/tH2,49000
Urea,2030,Europe,Electrolyser efficiency,kWh/tH2,49000
Ammonia,2030,India,Electrolyser efficiency,kWh/tH2,49000
Ammonium nitrate,2030,India,Electrolyser efficiency,kWh/tH2,49000
Urea,2030,India,Electrolyser efficiency,kWh/tH2,49000
Ammonia,2030,Middle East,Electrolyser efficiency,kWh/tH2,49000
Ammonium nitrate,2030,Middle East,Electrolyser efficiency,kWh/tH2,49000
Urea,2030,Middle East,Electrolyser efficiency,kWh/tH2,49000
Ammonia,2030,Africa,Electrolyser efficiency,kWh/tH2,49000
Ammonium nitrate,2030,Africa,Electrolyser efficiency,kWh/tH2,49000
Urea,2030,Africa,Electrolyser efficiency,kWh/tH2,49000
Ammonia,2030,Latin America,Electrolyser efficiency,kWh/tH2,49000
Ammonium nitrate,2030,Latin America,Electrolyser efficiency,kWh/tH2,49000
Urea,2030,Latin America,Electrolyser efficiency,kWh/tH2,49000
Ammonia,2030,Oceania,Electrolyser efficiency,kWh/tH2,49000
Ammonium nitrate,2030,Oceania,Electrolyser efficiency,kWh/tH2,49000
Urea,2030,Oceania,Electrolyser efficiency,kWh/tH2,49000
Ammonia,2030,Brazil,Electrolyser efficiency,kWh/tH2,49000
Ammonium nitrate,2030,Brazil,Electrolyser efficiency,kWh/tH2,49000
Urea,2030,Brazil,Electrolyser efficiency,kWh/tH2,49000
Ammonia,2030,Saudi Arabia,Electrolyser efficiency,kWh/tH2,49000
Ammonium nitrate,2030,Saudi Arabia,Electrolyser efficiency,kWh/tH2,49000
Urea,2030,Saudi Arabia,Electrolyser efficiency,kWh/tH2,49000
Ammonia,2030,Namibia,Electrolyser efficiency,kWh/tH2,49000
Ammonium nitrate,2030,Namibia,Electrolyser efficiency,kWh/tH2,49000
Urea,2030,Namibia,Electrolyser efficiency,kWh/tH2,49000
Ammonia,2030,Australia,Electrolyser efficiency,kWh/tH2,49000
Ammonium nitrate,2030,Australia,Electrolyser efficiency,kWh/tH2,49000
Urea,2030,Australia,Electrolyser efficiency,kWh/tH2,49000
Ammonia,2031,China,Electrolyser efficiency,kWh/tH2,48800
Ammonium nitrate,2031,China,Electrolyser efficiency,kWh/tH2,48800
Urea,2031,China,Electrolyser efficiency,kWh/tH2,48800
Ammonia,2031,Rest of Asia,Electrolyser efficiency,kWh/tH2,48800
Ammonium nitrate,2031,Rest of Asia,Electrolyser efficiency,kWh/tH2,48800
Urea,2031,Rest of Asia,Electrolyser efficiency,kWh/tH2,48800
Ammonia,2031,North America,Electrolyser efficiency,kWh/tH2,48800
Ammonium nitrate,2031,North America,Electrolyser efficiency,kWh/tH2,48800
Urea,2031,North America,Electrolyser efficiency,kWh/tH2,48800
Ammonia,2031,Russia,Electrolyser efficiency,kWh/tH2,48800
Ammonium nitrate,2031,Russia,Electrolyser efficiency,kWh/tH2,48800
Urea,2031,Russia,Electrolyser efficiency,kWh/tH2,48800
Ammonia,2031,Europe,Electrolyser efficiency,kWh/tH2,48800
Ammonium nitrate,2031,Europe,Electrolyser efficiency,kWh/tH2,48800
Urea,2031,Europe,Electrolyser efficiency,kWh/tH2,48800
Ammonia,2031,India,Electrolyser efficiency,kWh/tH2,48800
Ammonium nitrate,2031,India,Electrolyser efficiency,kWh/tH2,48800
Urea,2031,India,Electrolyser efficiency,kWh/tH2,48800
Ammonia,2031,Middle East,Electrolyser efficiency,kWh/tH2,48800
Ammonium nitrate,2031,Middle East,Electrolyser efficiency,kWh/tH2,48800
Urea,2031,Middle East,Electrolyser efficiency,kWh/tH2,48800
Ammonia,2031,Africa,Electrolyser efficiency,kWh/tH2,48800
Ammonium nitrate,2031,Africa,Electrolyser efficiency,kWh/tH2,48800
Urea,2031,Africa,Electrolyser efficiency,kWh/tH2,48800
Ammonia,2031,Latin America,Electrolyser efficiency,kWh/tH2,48800
Ammonium nitrate,2031,Latin America,Electrolyser efficiency,kWh/tH2,48800
Urea,2031,Latin America,Electrolyser efficiency,kWh/tH2,48800
Ammonia,2031,Oceania,Electrolyser efficiency,kWh/tH2,48800
Ammonium nitrate,2031,Oceania,Electrolyser efficiency,kWh/tH2,48800
Urea,2031,Oceania,Electrolyser efficiency,kWh/tH2,48800
Ammonia,2031,Brazil,Electrolyser efficiency,kWh/tH2,48800
Ammonium nitrate,2031,Brazil,Electrolyser efficiency,kWh/tH2,48800
Urea,2031,Brazil,Electrolyser efficiency,kWh/tH2,48800
Ammonia,2031,Saudi Arabia,Electrolyser efficiency,kWh/tH2,48800
Ammonium nitrate,2031,Saudi Arabia,Electrolyser efficiency,kWh/tH2,48800
Urea,2031,Saudi Arabia,Electrolyser efficiency,kWh/tH2,48800
Ammonia,2031,Namibia,Electrolyser efficiency,kWh/tH2,48800
Ammonium nitrate,2031,Namibia,Electrolyser efficiency,kWh/tH2,48800
Urea,2031,Namibia,Electrolyser efficiency,kWh/tH2,48800
Ammonia,2031,Australia,Electrolyser efficiency,kWh/tH2,48800
Ammonium nitrate,2031,Australia,Electrolyser efficiency,kWh/tH2,48800
Urea,2031,Australia,Electrolyser efficiency,kWh/tH2,48800
Ammonia,2032,China,Electrolyser efficiency,kWh/tH2,48600
Ammonium nitrate,2032,China,Electrolyser efficiency,kWh/tH2,48600
Urea,2032,China,Electrolyser efficiency,kWh/tH2,48600
Ammonia,2032,Rest of Asia,Electrolyser efficiency,kWh/tH2,48600
Ammonium nitrate,2032,Rest of Asia,Electrolyser efficiency,kWh/tH2,48600
Urea,2032,Rest of Asia,Electrolyser efficiency,kWh/tH2,48600
Ammonia,2032,North America,Electrolyser efficiency,kWh/tH2,48600
Ammonium nitrate,2032,North America,Electrolyser efficiency,kWh/tH2,48600
Urea,2032,North America,Electrolyser efficiency,kWh/tH2,48600
Ammonia,2032,Russia,Electrolyser efficiency,kWh/tH2,48600
Ammonium nitrate,2032,Russia,Electrolyser efficiency,kWh/tH2,48600
Urea,2032,Russia,Electrolyser efficiency,kWh/tH2,48600
Ammonia,2032,Europe,Electrolyser efficiency,kWh/tH2,48600
Ammonium nitrate,2032,Europe,Electrolyser efficiency,kWh/tH2,48600
Urea,2032,Europe,Electrolyser efficiency,kWh/tH2,48600
Ammonia,2032,India,Electrolyser efficiency,kWh/tH2,48600
Ammonium nitrate,2032,India,Electrolyser efficiency,kWh/tH2,48600
Urea,2032,India,Electrolyser efficiency,kWh/tH2,48600
Ammonia,2032,Middle East,Electrolyser efficiency,kWh/tH2,48600
Ammonium nitrate,2032,Middle East,Electrolyser efficiency,kWh/tH2,48600
Urea,2032,Middle East,Electrolyser efficiency,kWh/tH2,48600
Ammonia,2032,Africa,Electrolyser efficiency,kWh/tH2,48600
Ammonium nitrate,2032,Africa,Electrolyser efficiency,kWh/tH2,48600
Urea,2032,Africa,Electrolyser efficiency,kWh/tH2,48600
Ammonia,2032,Latin America,Electrolyser efficiency,kWh/tH2,48600
Ammonium nitrate,2032,Latin America,Electrolyser efficiency,kWh/tH2,48600
Urea,2032,Latin America,Electrolyser efficiency,kWh/tH2,48600
Ammonia,2032,Oceania,Electrolyser efficiency,kWh/tH2,48600
Ammonium nitrate,2032,Oceania,Electrolyser efficiency,kWh/tH2,48600
Urea,2032,Oceania,Electrolyser efficiency,kWh/tH2,48600
Ammonia,2032,Brazil,Electrolyser efficiency,kWh/tH2,48600
Ammonium nitrate,2032,Brazil,Electrolyser efficiency,kWh/tH2,48600
Urea,2032,Brazil,Electrolyser efficiency,kWh/tH2,48600
Ammonia,2032,Saudi Arabia,Electrolyser efficiency,kWh/tH2,48600
Ammonium nitrate,2032,Saudi Arabia,Electrolyser efficiency,kWh/tH2,48600
Urea,2032,Saudi Arabia,Electrolyser efficiency,kWh/tH2,48600
Ammonia,2032,Namibia,Electrolyser efficiency,kWh/tH2,48600
Ammonium nitrate,2032,Namibia,Electrolyser efficiency,kWh/tH2,48600
Urea,2032,Namibia,Electrolyser efficiency,kWh/tH2,48600
Ammonia,2032,Australia,Electrolyser efficiency,kWh/tH2,48600
Ammonium nitrate,2032,Australia,Electrolyser efficiency,kWh/tH2,48600
Urea,2032,Australia,Electrolyser efficiency,kWh/tH2,48600
Ammonia,2033,China,Electrolyser efficiency,kWh/tH2,48400
Ammonium nitrate,2033,China,Electrolyser efficiency,kWh/tH2,48400
Urea,2033,China,Electrolyser efficiency,kWh/tH2,48400
Ammonia,2033,Rest of Asia,Electrolyser efficiency,kWh/tH2,48400
Ammonium nitrate,2033,Rest of Asia,Electrolyser efficiency,kWh/tH2,48400
Urea,2033,Rest of Asia,Electrolyser efficiency,kWh/tH2,48400
Ammonia,2033,North America,Electrolyser efficiency,kWh/tH2,48400
Ammonium nitrate,2033,North America,Electrolyser efficiency,kWh/tH2,48400
Urea,2033,North America,Electrolyser efficiency,kWh/tH2,48400
Ammonia,2033,Russia,Electrolyser efficiency,kWh/tH2,48400
Ammonium nitrate,2033,Russia,Electrolyser efficiency,kWh/tH2,48400
Urea,2033,Russia,Electrolyser efficiency,kWh/tH2,48400
Ammonia,2033,Europe,Electrolyser efficiency,kWh/tH2,48400
Ammonium nitrate,2033,Europe,Electrolyser efficiency,kWh/tH2,48400
Urea,2033,Europe,Electrolyser efficiency,kWh/tH2,48400
Ammonia,2033,India,Electrolyser efficiency,kWh/tH2,48400
Ammonium nitrate,2033,India,Electrolyser efficiency,kWh/tH2,48400
Urea,2033,India,Electrolyser efficiency,kWh/tH2,48400
Ammonia,2033,Middle East,Electrolyser efficiency,kWh/tH2,48400
Ammonium nitrate,2033,Middle East,Electrolyser efficiency,kWh/tH2,48400
Urea,2033,Middle East,Electrolyser efficiency,kWh/tH2,48400
Ammonia,2033,Africa,Electrolyser efficiency,kWh/tH2,48400
Ammonium nitrate,2033,Africa,Electrolyser efficiency,kWh/tH2,48400
Urea,2033,Africa,Electrolyser efficiency,kWh/tH2,48400
Ammonia,2033,Latin America,Electrolyser efficiency,kWh/tH2,48400
Ammonium nitrate,2033,Latin America,Electrolyser efficiency,kWh/tH2,48400
Urea,2033,Latin America,Electrolyser efficiency,kWh/tH2,48400
Ammonia,2033,Oceania,Electrolyser efficiency,kWh/tH2,48400
Ammonium nitrate,2033,Oceania,Electrolyser efficiency,kWh/tH2,48400
Urea,2033,Oceania,Electrolyser efficiency,kWh/tH2,48400
Ammonia,2033,Brazil,Electrolyser efficiency,kWh/tH2,48400
Ammonium nitrate,2033,Brazil,Electrolyser efficiency,kWh/tH2,48400
Urea,2033,Brazil,Electrolyser efficiency,kWh/tH2,48400
Ammonia,2033,Saudi Arabia,Electrolyser efficiency,kWh/tH2,48400
Ammonium nitrate,2033,Saudi Arabia,Electrolyser efficiency,kWh/tH2,48400
Urea,2033,Saudi Arabia,Electrolyser efficiency,kWh/tH2,48400
Ammonia,2033,Namibia,Electrolyser efficiency,kWh/tH2,48400
Ammonium nitrate,2033,Namibia,Electrolyser efficiency,kWh/tH2,48400
Urea,2033,Namibia,Electrolyser efficiency,kWh/tH2,48400
Ammonia,2033,Australia,Electrolyser efficiency,kWh/tH2,48400
Ammonium nitrate,2033,Australia,Electrolyser efficiency,kWh/tH2,48400
Urea,2033,Australia,Electrolyser efficiency,kWh/tH2,48400
Ammonia,2034,China,Electrolyser efficiency,kWh/tH2,48200
Ammonium nitrate,2034,China,Electrolyser efficiency,kWh/tH2,48200
Urea,2034,China,Electrolyser efficiency,kWh/tH2,48200
Ammonia,2034,Rest of Asia,Electrolyser efficiency,kWh/tH2,48200
Ammonium nitrate,2034,Rest of Asia,Electrolyser efficiency,kWh/tH2,48200
Urea,2034,Rest of Asia,Electrolyser efficiency,kWh/tH2,48200
Ammonia,2034,North America,Electrolyser efficiency,kWh/tH2,48200
Ammonium nitrate,2034,North America,Electrolyser efficiency,kWh/tH2,48200
Urea,2034,North America,Electrolyser efficiency,kWh/tH2,48200
Ammonia,2034,Russia,Electrolyser efficiency,kWh/tH2,48200
Ammonium nitrate,2034,Russia,Electrolyser efficiency,kWh/tH2,48200
Urea,2034,Russia,Electrolyser efficiency,kWh/tH2,48200
Ammonia,2034,Europe,Electrolyser efficiency,kWh/tH2,48200
Ammonium nitrate,2034,Europe,Electrolyser efficiency,kWh/tH2,48200
Urea,2034,Europe,Electrolyser efficiency,kWh/tH2,48200
Ammonia,2034,India,Electrolyser efficiency,kWh/tH2,48200
Ammonium nitrate,2034,India,Electrolyser efficiency,kWh/tH2,48200
Urea,2034,India,Electrolyser efficiency,kWh/tH2,48200
Ammonia,2034,Middle East,Electrolyser efficiency,kWh/tH2,48200
Ammonium nitrate,2034,Middle East,Electrolyser efficiency,kWh/tH2,48200
Urea,2034,Middle East,Electrolyser efficiency,kWh/tH2,48200
Ammonia,2034,Africa,Electrolyser efficiency,kWh/tH2,48200
Ammonium nitrate,2034,Africa,Electrolyser efficiency,kWh/tH2,48200
Urea,2034,Africa,Electrolyser efficiency,kWh/tH2,48200
Ammonia,2034,Latin America,Electrolyser efficiency,kWh/tH2,48200
Ammonium nitrate,2034,Latin America,Electrolyser efficiency,kWh/tH2,48200
Urea,2034,Latin America,Electrolyser efficiency,kWh/tH2,48200
Ammonia,2034,Oceania,Electrolyser efficiency,kWh/tH2,48200
Ammonium nitrate,2034,Oceania,Electrolyser efficiency,kWh/tH2,48200
Urea,2034,Oceania,Electrolyser efficiency,kWh/tH2,48200
Ammonia,2034,Brazil,Electrolyser efficiency,kWh/tH2,48200
Ammonium nitrate,2034,Brazil,Electrolyser efficiency,kWh/tH2,48200
Urea,2034,Brazil,Electrolyser efficiency,kWh/tH2,48200
Ammonia,2034,Saudi Arabia,Electrolyser efficiency,kWh/tH2,48200
Ammonium nitrate,2034,Saudi Arabia,Electrolyser efficiency,kWh/tH2,48200
Urea,2034,Saudi Arabia,Electrolyser efficiency,kWh/tH2,48200
Ammonia,2034,Namibia,Electrolyser efficiency,kWh/tH2,48200
Ammonium nitrate,2034,Namibia,Electrolyser efficiency,kWh/tH2,48200
Urea,2034,Namibia,Electrolyser efficiency,kWh/tH2,48200
Ammonia,2034,Australia,Electrolyser efficiency,kWh/tH2,48200
Ammonium nitrate,2034,Australia,Electrolyser efficiency,kWh/tH2,48200
Urea,2034,Australia,Electrolyser efficiency,kWh/tH2,48200
Ammonia,2035,China,Electrolyser efficiency,kWh/tH2,48000
Ammonium nitrate,2035,China,Electrolyser efficiency,kWh/tH2,48000
Urea,2035,China,Electrolyser efficiency,kWh/tH2,48000
Ammonia,2035,Rest of Asia,Electrolyser efficiency,kWh/tH2,48000
Ammonium nitrate,2035,Rest of Asia,Electrolyser efficiency,kWh/tH2,48000
Urea,2035,Rest of Asia,Electrolyser efficiency,kWh/tH2,48000
Ammonia,2035,North America,Electrolyser efficiency,kWh/tH2,48000
Ammonium nitrate,2035,North America,Electrolyser efficiency,kWh/tH2,48000
Urea,2035,North America,Electrolyser efficiency,kWh/tH2,48000
Ammonia,2035,Russia,Electrolyser efficiency,kWh/tH2,48000
Ammonium nitrate,2035,Russia,Electrolyser efficiency,kWh/tH2,48000
Urea,2035,Russia,Electrolyser efficiency,kWh/tH2,48000
Ammonia,2035,Europe,Electrolyser efficiency,kWh/tH2,48000
Ammonium nitrate,2035,Europe,Electrolyser efficiency,kWh/tH2,48000
Urea,2035,Europe,Electrolyser efficiency,kWh/tH2,48000
Ammonia,2035,India,Electrolyser efficiency,kWh/tH2,48000
Ammonium nitrate,2035,India,Electrolyser efficiency,kWh/tH2,48000
Urea,2035,India,Electrolyser efficiency,kWh/tH2,48000
Ammonia,2035,Middle East,Electrolyser efficiency,kWh/tH2,48000
Ammonium nitrate,2035,Middle East,Electrolyser efficiency,kWh/tH2,48000
Urea,2035,Middle East,Electrolyser efficiency,kWh/tH2,48000
Ammonia,2035,Africa,Electrolyser efficiency,kWh/tH2,48000
Ammonium nitrate,2035,Africa,Electrolyser efficiency,kWh/tH2,48000
Urea,2035,Africa,Electrolyser efficiency,kWh/tH2,48000
Ammonia,2035,Latin America,Electrolyser efficiency,kWh/tH2,48000
Ammonium nitrate,2035,Latin America,Electrolyser efficiency,kWh/tH2,48000
Urea,2035,Latin America,Electrolyser efficiency,kWh/tH2,48000
Ammonia,2035,Oceania,Electrolyser efficiency,kWh/tH2,48000
Ammonium nitrate,2035,Oceania,Electrolyser efficiency,kWh/tH2,48000
Urea,2035,Oceania,Electrolyser efficiency,kWh/tH2,48000
Ammonia,2035,Brazil,Electrolyser efficiency,kWh/tH2,48000
Ammonium nitrate,2035,Brazil,Electrolyser efficiency,kWh/tH2,48000
Urea,2035,Brazil,Electrolyser efficiency,kWh/tH2,48000
Ammonia,2035,Saudi Arabia,Electrolyser efficiency,kWh/tH2,48000
Ammonium nitrate,2035,Saudi Arabia,Electrolyser efficiency,kWh/tH2,48000
Urea,2035,Saudi Arabia,Electrolyser efficiency,kWh/tH2,48000
Ammonia,2035,Namibia,Electrolyser efficiency,kWh/tH2,48000
Ammonium nitrate,2035,Namibia,Electrolyser efficiency,kWh/tH2,48000
Urea,2035,Namibia,Electrolyser efficiency,kWh/tH2,48000
Ammonia,2035,Australia,Electrolyser efficiency,kWh/tH2,48000
Ammonium nitrate,2035,Australia,Electrolyser efficiency,kWh/tH2,48000
Urea,2035,Australia,Electrolyser efficiency,kWh/tH2,48000
Ammonia,2036,China,Electrolyser efficiency,kWh/tH2,47800
Ammonium nitrate,2036,China,Electrolyser efficiency,kWh/tH2,47800
Urea,2036,China,Electrolyser efficiency,kWh/tH2,47800
Ammonia,2036,Rest of Asia,Electrolyser efficiency,kWh/tH2,47800
Ammonium nitrate,2036,Rest of Asia,Electrolyser efficiency,kWh/tH2,47800
Urea,2036,Rest of Asia,Electrolyser efficiency,kWh/tH2,47800
Ammonia,2036,North America,Electrolyser efficiency,kWh/tH2,47800
Ammonium nitrate,2036,North America,Electrolyser efficiency,kWh/tH2,47800
Urea,2036,North America,Electrolyser efficiency,kWh/tH2,47800
Ammonia,2036,Russia,Electrolyser efficiency,kWh/tH2,47800
Ammonium nitrate,2036,Russia,Electrolyser efficiency,kWh/tH2,47800
Urea,2036,Russia,Electrolyser efficiency,kWh/tH2,47800
Ammonia,2036,Europe,Electrolyser efficiency,kWh/tH2,47800
Ammonium nitrate,2036,Europe,Electrolyser efficiency,kWh/tH2,47800
Urea,2036,Europe,Electrolyser efficiency,kWh/tH2,47800
Ammonia,2036,India,Electrolyser efficiency,kWh/tH2,47800
Ammonium nitrate,2036,India,Electrolyser efficiency,kWh/tH2,47800
Urea,2036,India,Electrolyser efficiency,kWh/tH2,47800
Ammonia,2036,Middle East,Electrolyser efficiency,kWh/tH2,47800
Ammonium nitrate,2036,Middle East,Electrolyser efficiency,kWh/tH2,47800
Urea,2036,Middle East,Electrolyser efficiency,kWh/tH2,47800
Ammonia,2036,Africa,Electrolyser efficiency,kWh/tH2,47800
Ammonium nitrate,2036,Africa,Electrolyser efficiency,kWh/tH2,47800
Urea,2036,Africa,Electrolyser efficiency,kWh/tH2,47800
Ammonia,2036,Latin America,Electrolyser efficiency,kWh/tH2,47800
Ammonium nitrate,2036,Latin America,Electrolyser efficiency,kWh/tH2,47800
Urea,2036,Latin America,Electrolyser efficiency,kWh/tH2,47800
Ammonia,2036,Oceania,Electrolyser efficiency,kWh/tH2,47800
Ammonium nitrate,2036,Oceania,Electrolyser efficiency,kWh/tH2,47800
Urea,2036,Oceania,Electrolyser efficiency,kWh/tH2,47800
Ammonia,2036,Brazil,Electrolyser efficiency,kWh/tH2,47800
Ammonium nitrate,2036,Brazil,Electrolyser efficiency,kWh/tH2,47800
Urea,2036,Brazil,Electrolyser efficiency,kWh/tH2,47800
Ammonia,2036,Saudi Arabia,Electrolyser efficiency,kWh/tH2,47800
Ammonium nitrate,2036,Saudi Arabia,Electrolyser efficiency,kWh/tH2,47800
Urea,2036,Saudi Arabia,Electrolyser efficiency,kWh/tH2,47800
Ammonia,2036,Namibia,Electrolyser efficiency,kWh/tH2,47800
Ammonium nitrate,2036,Namibia,Electrolyser efficiency,kWh/tH2,47800
Urea,2036,Namibia,Electrolyser efficiency,kWh/tH2,47800
Ammonia,2036,Australia,Electrolyser efficiency,kWh/tH2,47800
Ammonium nitrate,2036,Australia,Electrolyser efficiency,kWh/tH2,47800
Urea,2036,Australia,Electrolyser efficiency,kWh/tH2,47800
Ammonia,2037,China,Electrolyser efficiency,kWh/tH2,47600
Ammonium nitrate,2037,China,Electrolyser efficiency,kWh/tH2,47600
Urea,2037,China,Electrolyser efficiency,kWh/tH2,47600
Ammonia,2037,Rest of Asia,Electrolyser efficiency,kWh/tH2,47600
Ammonium nitrate,2037,Rest of Asia,Electrolyser efficiency,kWh/tH2,47600
Urea,2037,Rest of Asia,Electrolyser efficiency,kWh/tH2,47600
Ammonia,2037,North America,Electrolyser efficiency,kWh/tH2,47600
Ammonium nitrate,2037,North America,Electrolyser efficiency,kWh/tH2,47600
Urea,2037,North America,Electrolyser efficiency,kWh/tH2,47600
Ammonia,2037,Russia,Electrolyser efficiency,kWh/tH2,47600
Ammonium nitrate,2037,Russia,Electrolyser efficiency,kWh/tH2,47600
Urea,2037,Russia,Electrolyser efficiency,kWh/tH2,47600
Ammonia,2037,Europe,Electrolyser efficiency,kWh/tH2,47600
Ammonium nitrate,2037,Europe,Electrolyser efficiency,kWh/tH2,47600
Urea,2037,Europe,Electrolyser efficiency,kWh/tH2,47600
Ammonia,2037,India,Electrolyser efficiency,kWh/tH2,47600
Ammonium nitrate,2037,India,Electrolyser efficiency,kWh/tH2,47600
Urea,2037,India,Electrolyser efficiency,kWh/tH2,47600
Ammonia,2037,Middle East,Electrolyser efficiency,kWh/tH2,47600
Ammonium nitrate,2037,Middle East,Electrolyser efficiency,kWh/tH2,47600
Urea,2037,Middle East,Electrolyser efficiency,kWh/tH2,47600
Ammonia,2037,Africa,Electrolyser efficiency,kWh/tH2,47600
Ammonium nitrate,2037,Africa,Electrolyser efficiency,kWh/tH2,47600
Urea,2037,Africa,Electrolyser efficiency,kWh/tH2,47600
Ammonia,2037,Latin America,Electrolyser efficiency,kWh/tH2,47600
Ammonium nitrate,2037,Latin America,Electrolyser efficiency,kWh/tH2,47600
Urea,2037,Latin America,Electrolyser efficiency,kWh/tH2,47600
Ammonia,2037,Oceania,Electrolyser efficiency,kWh/tH2,47600
Ammonium nitrate,2037,Oceania,Electrolyser efficiency,kWh/tH2,47600
Urea,2037,Oceania,Electrolyser efficiency,kWh/tH2,47600
Ammonia,2037,Brazil,Electrolyser efficiency,kWh/tH2,47600
Ammonium nitrate,2037,Brazil,Electrolyser efficiency,kWh/tH2,47600
Urea,2037,Brazil,Electrolyser efficiency,kWh/tH2,47600
Ammonia,2037,Saudi Arabia,Electrolyser efficiency,kWh/tH2,47600
Ammonium nitrate,2037,Saudi Arabia,Electrolyser efficiency,kWh/tH2,47600
Urea,2037,Saudi Arabia,Electrolyser efficiency,kWh/tH2,47600
Ammonia,2037,Namibia,Electrolyser efficiency,kWh/tH2,47600
Ammonium nitrate,2037,Namibia,Electrolyser efficiency,kWh/tH2,47600
Urea,2037,Namibia,Electrolyser efficiency,kWh/tH2,47600
Ammonia,2037,Australia,Electrolyser efficiency,kWh/tH2,47600
Ammonium nitrate,2037,Australia,Electrolyser efficiency,kWh/tH2,47600
Urea,2037,Australia,Electrolyser efficiency,kWh/tH2,47600
Ammonia,2038,China,Electrolyser efficiency,kWh/tH2,47400
Ammonium nitrate,2038,China,Electrolyser efficiency,kWh/tH2,47400
Urea,2038,China,Electrolyser efficiency,kWh/tH2,47400
Ammonia,2038,Rest of Asia,Electrolyser efficiency,kWh/tH2,47400
Ammonium nitrate,2038,Rest of Asia,Electrolyser efficiency,kWh/tH2,47400
Urea,2038,Rest of Asia,Electrolyser efficiency,kWh/tH2,47400
Ammonia,2038,North America,Electrolyser efficiency,kWh/tH2,47400
Ammonium nitrate,2038,North America,Electrolyser efficiency,kWh/tH2,47400
Urea,2038,North America,Electrolyser efficiency,kWh/tH2,47400
Ammonia,2038,Russia,Electrolyser efficiency,kWh/tH2,47400
Ammonium nitrate,2038,Russia,Electrolyser efficiency,kWh/tH2,47400
Urea,2038,Russia,Electrolyser efficiency,kWh/tH2,47400
Ammonia,2038,Europe,Electrolyser efficiency,kWh/tH2,47400
Ammonium nitrate,2038,Europe,Electrolyser efficiency,kWh/tH2,47400
Urea,2038,Europe,Electrolyser efficiency,kWh/tH2,47400
Ammonia,2038,India,Electrolyser efficiency,kWh/tH2,47400
Ammonium nitrate,2038,India,Electrolyser efficiency,kWh/tH2,47400
Urea,2038,India,Electrolyser efficiency,kWh/tH2,47400
Ammonia,2038,Middle East,Electrolyser efficiency,kWh/tH2,47400
Ammonium nitrate,2038,Middle East,Electrolyser efficiency,kWh/tH2,47400
Urea,2038,Middle East,Electrolyser efficiency,kWh/tH2,47400
Ammonia,2038,Africa,Electrolyser efficiency,kWh/tH2,47400
Ammonium nitrate,2038,Africa,Electrolyser efficiency,kWh/tH2,47400
Urea,2038,Africa,Electrolyser efficiency,kWh/tH2,47400
Ammonia,2038,Latin America,Electrolyser efficiency,kWh/tH2,47400
Ammonium nitrate,2038,Latin America,Electrolyser efficiency,kWh/tH2,47400
Urea,2038,Latin America,Electrolyser efficiency,kWh/tH2,47400
Ammonia,2038,Oceania,Electrolyser efficiency,kWh/tH2,47400
Ammonium nitrate,2038,Oceania,Electrolyser efficiency,kWh/tH2,47400
Urea,2038,Oceania,Electrolyser efficiency,kWh/tH2,47400
Ammonia,2038,Brazil,Electrolyser efficiency,kWh/tH2,47400
Ammonium nitrate,2038,Brazil,Electrolyser efficiency,kWh/tH2,47400
Urea,2038,Brazil,Electrolyser efficiency,kWh/tH2,47400
Ammonia,2038,Saudi Arabia,Electrolyser efficiency,kWh/tH2,47400
Ammonium nitrate,2038,Saudi Arabia,Electrolyser efficiency,kWh/tH2,47400
Urea,2038,Saudi Arabia,Electrolyser efficiency,kWh/tH2,47400
Ammonia,2038,Namibia,Electrolyser efficiency,kWh/tH2,47400
Ammonium nitrate,2038,Namibia,Electrolyser efficiency,kWh/tH2,47400
Urea,2038,Namibia,Electrolyser efficiency,kWh/tH2,47400
Ammonia,2038,Australia,Electrolyser efficiency,kWh/tH2,47400
Ammonium nitrate,2038,Australia,Electrolyser efficiency,kWh/tH2,47400
Urea,2038,Australia,Electrolyser efficiency,kWh/tH2,47400
Ammonia,2039,China,Electrolyser efficiency,kWh/tH2,47200
Ammonium nitrate,2039,China,Electrolyser efficiency,kWh/tH2,47200
Urea,2039,China,Electrolyser efficiency,kWh/tH2,47200
Ammonia,2039,Rest of Asia,Electrolyser efficiency,kWh/tH2,47200
Ammonium nitrate,2039,Rest of Asia,Electrolyser efficiency,kWh/tH2,47200
Urea,2039,Rest of Asia,Electrolyser efficiency,kWh/tH2,47200
Ammonia,2039,North America,Electrolyser efficiency,kWh/tH2,47200
Ammonium nitrate,2039,North America,Electrolyser efficiency,kWh/tH2,47200
Urea,2039,North America,Electrolyser efficiency,kWh/tH2,47200
Ammonia,2039,Russia,Electrolyser efficiency,kWh/tH2,47200
Ammonium nitrate,2039,Russia,Electrolyser efficiency,kWh/tH2,47200
Urea,2039,Russia,Electrolyser efficiency,kWh/tH2,47200
Ammonia,2039,Europe,Electrolyser efficiency,kWh/tH2,47200
Ammonium nitrate,2039,Europe,Electrolyser efficiency,kWh/tH2,47200
Urea,2039,Europe,Electrolyser efficiency,kWh/tH2,47200
Ammonia,2039,India,Electrolyser efficiency,kWh/tH2,47200
Ammonium nitrate,2039,India,Electrolyser efficiency,kWh/tH2,47200
Urea,2039,India,Electrolyser efficiency,kWh/tH2,47200
Ammonia,2039,Middle East,Electrolyser efficiency,kWh/tH2,47200
Ammonium nitrate,2039,Middle East,Electrolyser efficiency,kWh/tH2,47200
Urea,2039,Middle East,Electrolyser efficiency,kWh/tH2,47200
Ammonia,2039,Africa,Electrolyser efficiency,kWh/tH2,47200
Ammonium nitrate,2039,Africa,Electrolyser efficiency,kWh/tH2,47200
Urea,2039,Africa,Electrolyser efficiency,kWh/tH2,47200
Ammonia,2039,Latin America,Electrolyser efficiency,kWh/tH2,47200
Ammonium nitrate,2039,Latin America,Electrolyser efficiency,kWh/tH2,47200
Urea,2039,Latin America,Electrolyser efficiency,kWh/tH2,47200
Ammonia,2039,Oceania,Electrolyser efficiency,kWh/tH2,47200
Ammonium nitrate,2039,Oceania,Electrolyser efficiency,kWh/tH2,47200
Urea,2039,Oceania,Electrolyser efficiency,kWh/tH2,47200
Ammonia,2039,Brazil,Electrolyser efficiency,kWh/tH2,47200
Ammonium nitrate,2039,Brazil,Electrolyser efficiency,kWh/tH2,47200
Urea,2039,Brazil,Electrolyser efficiency,kWh/tH2,47200
Ammonia,2039,Saudi Arabia,Electrolyser efficiency,kWh/tH2,47200
Ammonium nitrate,2039,Saudi Arabia,Electrolyser efficiency,kWh/tH2,47200
Urea,2039,Saudi Arabia,Electrolyser efficiency,kWh/tH2,47200
Ammonia,2039,Namibia,Electrolyser efficiency,kWh/tH2,47200
Ammonium nitrate,2039,Namibia,Electrolyser efficiency,kWh/tH2,47200
Urea,2039,Namibia,Electrolyser efficiency,kWh/tH2,47200
Ammonia,2039,Australia,Electrolyser efficiency,kWh/tH2,47200
Ammonium nitrate,2039,Australia,Electrolyser efficiency,kWh/tH2,47200
Urea,2039,Australia,Electrolyser efficiency,kWh/tH2,47200
Ammonia,2040,China,Electrolyser efficiency,kWh/tH2,47000
Ammonium nitrate,2040,China,Electrolyser efficiency,kWh/tH2,47000
Urea,2040,China,Electrolyser efficiency,kWh/tH2,47000
Ammonia,2040,Rest of Asia,Electrolyser efficiency,kWh/tH2,47000
Ammonium nitrate,2040,Rest of Asia,Electrolyser efficiency,kWh/tH2,47000
Urea,2040,Rest of Asia,Electrolyser efficiency,kWh/tH2,47000
Ammonia,2040,North America,Electrolyser efficiency,kWh/tH2,47000
Ammonium nitrate,2040,North America,Electrolyser efficiency,kWh/tH2,47000
Urea,2040,North America,Electrolyser efficiency,kWh/tH2,47000
Ammonia,2040,Russia,Electrolyser efficiency,kWh/tH2,47000
Ammonium nitrate,2040,Russia,Electrolyser efficiency,kWh/tH2,47000
Urea,2040,Russia,Electrolyser efficiency,kWh/tH2,47000
Ammonia,2040,Europe,Electrolyser efficiency,kWh/tH2,47000
Ammonium nitrate,2040,Europe,Electrolyser efficiency,kWh/tH2,47000
Urea,2040,Europe,Electrolyser efficiency,kWh/tH2,47000
Ammonia,2040,India,Electrolyser efficiency,kWh/tH2,47000
Ammonium nitrate,2040,India,Electrolyser efficiency,kWh/tH2,47000
Urea,2040,India,Electrolyser efficiency,kWh/tH2,47000
Ammonia,2040,Middle East,Electrolyser efficiency,kWh/tH2,47000
Ammonium nitrate,2040,Middle East,Electrolyser efficiency,kWh/tH2,47000
Urea,2040,Middle East,Electrolyser efficiency,kWh/tH2,47000
Ammonia,2040,Africa,Electrolyser efficiency,kWh/tH2,47000
Ammonium nitrate,2040,Africa,Electrolyser efficiency,kWh/tH2,47000
Urea,2040,Africa,Electrolyser efficiency,kWh/tH2,47000
Ammonia,2040,Latin America,Electrolyser efficiency,kWh/tH2,47000
Ammonium nitrate,2040,Latin America,Electrolyser efficiency,kWh/tH2,47000
Urea,2040,Latin America,Electrolyser efficiency,kWh/tH2,47000
Ammonia,2040,Oceania,Electrolyser efficiency,kWh/tH2,47000
Ammonium nitrate,2040,Oceania,Electrolyser efficiency,kWh/tH2,47000
Urea,2040,Oceania,Electrolyser efficiency,kWh/tH2,47000
Ammonia,2040,Brazil,Electrolyser efficiency,kWh/tH2,47000
Ammonium nitrate,2040,Brazil,Electrolyser efficiency,kWh/tH2,47000
Urea,2040,Brazil,Electrolyser efficiency,kWh/tH2,47000
Ammonia,2040,Saudi Arabia,Electrolyser efficiency,kWh/tH2,47000
Ammonium nitrate,2040,Saudi Arabia,Electrolyser efficiency,kWh/tH2,47000
Urea,2040,Saudi Arabia,Electrolyser efficiency,kWh/tH2,47000
Ammonia,2040,Namibia,Electrolyser efficiency,kWh/tH2,47000
Ammonium nitrate,2040,Namibia,Electrolyser efficiency,kWh/tH2,47000
Urea,2040,Namibia,Electrolyser efficiency,kWh/tH2,47000
Ammonia,2040,Australia,Electrolyser efficiency,kWh/tH2,47000
Ammonium nitrate,2040,Australia,Electrolyser efficiency,kWh/tH2,47000
Urea,2040,Australia,Electrolyser efficiency,kWh/tH2,47000
Ammonia,2041,China,Electrolyser efficiency,kWh/tH2,46800
Ammonium nitrate,2041,China,Electrolyser efficiency,kWh/tH2,46800
Urea,2041,China,Electrolyser efficiency,kWh/tH2,46800
Ammonia,2041,Rest of Asia,Electrolyser efficiency,kWh/tH2,46800
Ammonium nitrate,2041,Rest of Asia,Electrolyser efficiency,kWh/tH2,46800
Urea,2041,Rest of Asia,Electrolyser efficiency,kWh/tH2,46800
Ammonia,2041,North America,Electrolyser efficiency,kWh/tH2,46800
Ammonium nitrate,2041,North America,Electrolyser efficiency,kWh/tH2,46800
Urea,2041,North America,Electrolyser efficiency,kWh/tH2,46800
Ammonia,2041,Russia,Electrolyser efficiency,kWh/tH2,46800
Ammonium nitrate,2041,Russia,Electrolyser efficiency,kWh/tH2,46800
Urea,2041,Russia,Electrolyser efficiency,kWh/tH2,46800
Ammonia,2041,Europe,Electrolyser efficiency,kWh/tH2,46800
Ammonium nitrate,2041,Europe,Electrolyser efficiency,kWh/tH2,46800
Urea,2041,Europe,Electrolyser efficiency,kWh/tH2,46800
Ammonia,2041,India,Electrolyser efficiency,kWh/tH2,46800
Ammonium nitrate,2041,India,Electrolyser efficiency,kWh/tH2,46800
Urea,2041,India,Electrolyser efficiency,kWh/tH2,46800
Ammonia,2041,Middle East,Electrolyser efficiency,kWh/tH2,46800
Ammonium nitrate,2041,Middle East,Electrolyser efficiency,kWh/tH2,46800
Urea,2041,Middle East,Electrolyser efficiency,kWh/tH2,46800
Ammonia,2041,Africa,Electrolyser efficiency,kWh/tH2,46800
Ammonium nitrate,2041,Africa,Electrolyser efficiency,kWh/tH2,46800
Urea,2041,Africa,Electrolyser efficiency,kWh/tH2,46800
Ammonia,2041,Latin America,Electrolyser efficiency,kWh/tH2,46800
Ammonium nitrate,2041,Latin America,Electrolyser efficiency,kWh/tH2,46800
Urea,2041,Latin America,Electrolyser efficiency,kWh/tH2,46800
Ammonia,2041,Oceania,Electrolyser efficiency,kWh/tH2,46800
Ammonium nitrate,2041,Oceania,Electrolyser efficiency,kWh/tH2,46800
Urea,2041,Oceania,Electrolyser efficiency,kWh/tH2,46800
Ammonia,2041,Brazil,Electrolyser efficiency,kWh/tH2,46800
Ammonium nitrate,2041,Brazil,Electrolyser efficiency,kWh/tH2,46800
Urea,2041,Brazil,Electrolyser efficiency,kWh/tH2,46800
Ammonia,2041,Saudi Arabia,Electrolyser efficiency,kWh/tH2,46800
Ammonium nitrate,2041,Saudi Arabia,Electrolyser efficiency,kWh/tH2,46800
Urea,2041,Saudi Arabia,Electrolyser efficiency,kWh/tH2,46800
Ammonia,2041,Namibia,Electrolyser efficiency,kWh/tH2,46800
Ammonium nitrate,2041,Namibia,Electrolyser efficiency,kWh/tH2,46800
Urea,2041,Namibia,Electrolyser efficiency,kWh/tH2,46800
Ammonia,2041,Australia,Electrolyser efficiency,kWh/tH2,46800
Ammonium nitrate,2041,Australia,Electrolyser efficiency,kWh/tH2,46800
Urea,2041,Australia,Electrolyser efficiency,kWh/tH2,46800
Ammonia,2042,China,Electrolyser efficiency,kWh/tH2,46600
Ammonium nitrate,2042,China,Electrolyser efficiency,kWh/tH2,46600
Urea,2042,China,Electrolyser efficiency,kWh/tH2,46600
Ammonia,2042,Rest of Asia,Electrolyser efficiency,kWh/tH2,46600
Ammonium nitrate,2042,Rest of Asia,Electrolyser efficiency,kWh/tH2,46600
Urea,2042,Rest of Asia,Electrolyser efficiency,kWh/tH2,46600
Ammonia,2042,North America,Electrolyser efficiency,kWh/tH2,46600
Ammonium nitrate,2042,North America,Electrolyser efficiency,kWh/tH2,46600
Urea,2042,North America,Electrolyser efficiency,kWh/tH2,46600
Ammonia,2042,Russia,Electrolyser efficiency,kWh/tH2,46600
Ammonium nitrate,2042,Russia,Electrolyser efficiency,kWh/tH2,46600
Urea,2042,Russia,Electrolyser efficiency,kWh/tH2,46600
Ammonia,2042,Europe,Electrolyser efficiency,kWh/tH2,46600
Ammonium nitrate,2042,Europe,Electrolyser efficiency,kWh/tH2,46600
Urea,2042,Europe,Electrolyser efficiency,kWh/tH2,46600
Ammonia,2042,India,Electrolyser efficiency,kWh/tH2,46600
Ammonium nitrate,2042,India,Electrolyser efficiency,kWh/tH2,46600
Urea,2042,India,Electrolyser efficiency,kWh/tH2,46600
Ammonia,2042,Middle East,Electrolyser efficiency,kWh/tH2,46600
Ammonium nitrate,2042,Middle East,Electrolyser efficiency,kWh/tH2,46600
Urea,2042,Middle East,Electrolyser efficiency,kWh/tH2,46600
Ammonia,2042,Africa,Electrolyser efficiency,kWh/tH2,46600
Ammonium nitrate,2042,Africa,Electrolyser efficiency,kWh/tH2,46600
Urea,2042,Africa,Electrolyser efficiency,kWh/tH2,46600
Ammonia,2042,Latin America,Electrolyser efficiency,kWh/tH2,46600
Ammonium nitrate,2042,Latin America,Electrolyser efficiency,kWh/tH2,46600
Urea,2042,Latin America,Electrolyser efficiency,kWh/tH2,46600
Ammonia,2042,Oceania,Electrolyser efficiency,kWh/tH2,46600
Ammonium nitrate,2042,Oceania,Electrolyser efficiency,kWh/tH2,46600
Urea,2042,Oceania,Electrolyser efficiency,kWh/tH2,46600
Ammonia,2042,Brazil,Electrolyser efficiency,kWh/tH2,46600
Ammonium nitrate,2042,Brazil,Electrolyser efficiency,kWh/tH2,46600
Urea,2042,Brazil,Electrolyser efficiency,kWh/tH2,46600
Ammonia,2042,Saudi Arabia,Electrolyser efficiency,kWh/tH2,46600
Ammonium nitrate,2042,Saudi Arabia,Electrolyser efficiency,kWh/tH2,46600
Urea,2042,Saudi Arabia,Electrolyser efficiency,kWh/tH2,46600
Ammonia,2042,Namibia,Electrolyser efficiency,kWh/tH2,46600
Ammonium nitrate,2042,Namibia,Electrolyser efficiency,kWh/tH2,46600
Urea,2042,Namibia,Electrolyser efficiency,kWh/tH2,46600
Ammonia,2042,Australia,Electrolyser efficiency,kWh/tH2,46600
Ammonium nitrate,2042,Australia,Electrolyser efficiency,kWh/tH2,46600
Urea,2042,Australia,Electrolyser efficiency,kWh/tH2,46600
Ammonia,2043,China,Electrolyser efficiency,kWh/tH2,46400
Ammonium nitrate,2043,China,Electrolyser efficiency,kWh/tH2,46400
Urea,2043,China,Electrolyser efficiency,kWh/tH2,46400
Ammonia,2043,Rest of Asia,Electrolyser efficiency,kWh/tH2,46400
Ammonium nitrate,2043,Rest of Asia,Electrolyser efficiency,kWh/tH2,46400
Urea,2043,Rest of Asia,Electrolyser efficiency,kWh/tH2,46400
Ammonia,2043,North America,Electrolyser efficiency,kWh/tH2,46400
Ammonium nitrate,2043,North America,Electrolyser efficiency,kWh/tH2,46400
Urea,2043,North America,Electrolyser efficiency,kWh/tH2,46400
Ammonia,2043,Russia,Electrolyser efficiency,kWh/tH2,46400
Ammonium nitrate,2043,Russia,Electrolyser efficiency,kWh/tH2,46400
Urea,2043,Russia,Electrolyser efficiency,kWh/tH2,46400
Ammonia,2043,Europe,Electrolyser efficiency,kWh/tH2,46400
Ammonium nitrate,2043,Europe,Electrolyser efficiency,kWh/tH2,46400
Urea,2043,Europe,Electrolyser efficiency,kWh/tH2,46400
Ammonia,2043,India,Electrolyser efficiency,kWh/tH2,46400
Ammonium nitrate,2043,India,Electrolyser efficiency,kWh/tH2,46400
Urea,2043,India,Electrolyser efficiency,kWh/tH2,46400
Ammonia,2043,Middle East,Electrolyser efficiency,kWh/tH2,46400
Ammonium nitrate,2043,Middle East,Electrolyser efficiency,kWh/tH2,46400
Urea,2043,Middle East,Electrolyser efficiency,kWh/tH2,46400
Ammonia,2043,Africa,Electrolyser efficiency,kWh/tH2,46400
Ammonium nitrate,2043,Africa,Electrolyser efficiency,kWh/tH2,46400
Urea,2043,Africa,Electrolyser efficiency,kWh/tH2,46400
Ammonia,2043,Latin America,Electrolyser efficiency,kWh/tH2,46400
Ammonium nitrate,2043,Latin America,Electrolyser efficiency,kWh/tH2,46400
Urea,2043,Latin America,Electrolyser efficiency,kWh/tH2,46400
Ammonia,2043,Oceania,Electrolyser efficiency,kWh/tH2,46400
Ammonium nitrate,2043,Oceania,Electrolyser efficiency,kWh/tH2,46400
Urea,2043,Oceania,Electrolyser efficiency,kWh/tH2,46400
Ammonia,2043,Brazil,Electrolyser efficiency,kWh/tH2,46400
Ammonium nitrate,2043,Brazil,Electrolyser efficiency,kWh/tH2,46400
Urea,2043,Brazil,Electrolyser efficiency,kWh/tH2,46400
Ammonia,2043,Saudi Arabia,Electrolyser efficiency,kWh/tH2,46400
Ammonium nitrate,2043,Saudi Arabia,Electrolyser efficiency,kWh/tH2,46400
Urea,2043,Saudi Arabia,Electrolyser efficiency,kWh/tH2,46400
Ammonia,2043,Namibia,Electrolyser efficiency,kWh/tH2,46400
Ammonium nitrate,2043,Namibia,Electrolyser efficiency,kWh/tH2,46400
Urea,2043,Namibia,Electrolyser efficiency,kWh/tH2,46400
Ammonia,2043,Australia,Electrolyser efficiency,kWh/tH2,46400
Ammonium nitrate,2043,Australia,Electrolyser efficiency,kWh/tH2,46400
Urea,2043,Australia,Electrolyser efficiency,kWh/tH2,46400
Ammonia,2044,China,Electrolyser efficiency,kWh/tH2,46200
Ammonium nitrate,2044,China,Electrolyser efficiency,kWh/tH2,46200
Urea,2044,China,Electrolyser efficiency,kWh/tH2,46200
Ammonia,2044,Rest of Asia,Electrolyser efficiency,kWh/tH2,46200
Ammonium nitrate,2044,Rest of Asia,Electrolyser efficiency,kWh/tH2,46200
Urea,2044,Rest of Asia,Electrolyser efficiency,kWh/tH2,46200
Ammonia,2044,North America,Electrolyser efficiency,kWh/tH2,46200
Ammonium nitrate,2044,North America,Electrolyser efficiency,kWh/tH2,46200
Urea,2044,North America,Electrolyser efficiency,kWh/tH2,46200
Ammonia,2044,Russia,Electrolyser efficiency,kWh/tH2,46200
Ammonium nitrate,2044,Russia,Electrolyser efficiency,kWh/tH2,46200
Urea,2044,Russia,Electrolyser efficiency,kWh/tH2,46200
Ammonia,2044,Europe,Electrolyser efficiency,kWh/tH2,46200
Ammonium nitrate,2044,Europe,Electrolyser efficiency,kWh/tH2,46200
Urea,2044,Europe,Electrolyser efficiency,kWh/tH2,46200
Ammonia,2044,India,Electrolyser efficiency,kWh/tH2,46200
Ammonium nitrate,2044,India,Electrolyser efficiency,kWh/tH2,46200
Urea,2044,India,Electrolyser efficiency,kWh/tH2,46200
Ammonia,2044,Middle East,Electrolyser efficiency,kWh/tH2,46200
Ammonium nitrate,2044,Middle East,Electrolyser efficiency,kWh/tH2,46200
Urea,2044,Middle East,Electrolyser efficiency,kWh/tH2,46200
Ammonia,2044,Africa,Electrolyser efficiency,kWh/tH2,46200
Ammonium nitrate,2044,Africa,Electrolyser efficiency,kWh/tH2,46200
Urea,2044,Africa,Electrolyser efficiency,kWh/tH2,46200
Ammonia,2044,Latin America,Electrolyser efficiency,kWh/tH2,46200
Ammonium nitrate,2044,Latin America,Electrolyser efficiency,kWh/tH2,46200
Urea,2044,Latin America,Electrolyser efficiency,kWh/tH2,46200
Ammonia,2044,Oceania,Electrolyser efficiency,kWh/tH2,46200
Ammonium nitrate,2044,Oceania,Electrolyser efficiency,kWh/tH2,46200
Urea,2044,Oceania,Electrolyser efficiency,kWh/tH2,46200
Ammonia,2044,Brazil,Electrolyser efficiency,kWh/tH2,46200
Ammonium nitrate,2044,Brazil,Electrolyser efficiency,kWh/tH2,46200
Urea,2044,Brazil,Electrolyser efficiency,kWh/tH2,46200
Ammonia,2044,Saudi Arabia,Electrolyser efficiency,kWh/tH2,46200
Ammonium nitrate,2044,Saudi Arabia,Electrolyser efficiency,kWh/tH2,46200
Urea,2044,Saudi Arabia,Electrolyser efficiency,kWh/tH2,46200
Ammonia,2044,Namibia,Electrolyser efficiency,kWh/tH2,46200
Ammonium nitrate,2044,Namibia,Electrolyser efficiency,kWh/tH2,46200
Urea,2044,Namibia,Electrolyser efficiency,kWh/tH2,46200
Ammonia,2044,Australia,Electrolyser efficiency,kWh/tH2,46200
Ammonium nitrate,2044,Australia,Electrolyser efficiency,kWh/tH2,46200
Urea,2044,Australia,Electrolyser efficiency,kWh/tH2,46200
Ammonia,2045,China,Electrolyser efficiency,kWh/tH2,46000
Ammonium nitrate,2045,China,Electrolyser efficiency,kWh/tH2,46000
Urea,2045,China,Electrolyser efficiency,kWh/tH2,46000
Ammonia,2045,Rest of Asia,Electrolyser efficiency,kWh/tH2,46000
Ammonium nitrate,2045,Rest of Asia,Electrolyser efficiency,kWh/tH2,46000
Urea,2045,Rest of Asia,Electrolyser efficiency,kWh/tH2,46000
Ammonia,2045,North America,Electrolyser efficiency,kWh/tH2,46000
Ammonium nitrate,2045,North America,Electrolyser efficiency,kWh/tH2,46000
Urea,2045,North America,Electrolyser efficiency,kWh/tH2,46000
Ammonia,2045,Russia,Electrolyser efficiency,kWh/tH2,46000
Ammonium nitrate,2045,Russia,Electrolyser efficiency,kWh/tH2,46000
Urea,2045,Russia,Electrolyser efficiency,kWh/tH2,46000
Ammonia,2045,Europe,Electrolyser efficiency,kWh/tH2,46000
Ammonium nitrate,2045,Europe,Electrolyser efficiency,kWh/tH2,46000
Urea,2045,Europe,Electrolyser efficiency,kWh/tH2,46000
Ammonia,2045,India,Electrolyser efficiency,kWh/tH2,46000
Ammonium nitrate,2045,India,Electrolyser efficiency,kWh/tH2,46000
Urea,2045,India,Electrolyser efficiency,kWh/tH2,46000
Ammonia,2045,Middle East,Electrolyser efficiency,kWh/tH2,46000
Ammonium nitrate,2045,Middle East,Electrolyser efficiency,kWh/tH2,46000
Urea,2045,Middle East,Electrolyser efficiency,kWh/tH2,46000
Ammonia,2045,Africa,Electrolyser efficiency,kWh/tH2,46000
Ammonium nitrate,2045,Africa,Electrolyser efficiency,kWh/tH2,46000
Urea,2045,Africa,Electrolyser efficiency,kWh/tH2,46000
Ammonia,2045,Latin America,Electrolyser efficiency,kWh/tH2,46000
Ammonium nitrate,2045,Latin America,Electrolyser efficiency,kWh/tH2,46000
Urea,2045,Latin America,Electrolyser efficiency,kWh/tH2,46000
Ammonia,2045,Oceania,Electrolyser efficiency,kWh/tH2,46000
Ammonium nitrate,2045,Oceania,Electrolyser efficiency,kWh/tH2,46000
Urea,2045,Oceania,Electrolyser efficiency,kWh/tH2,46000
Ammonia,2045,Brazil,Electrolyser efficiency,kWh/tH2,46000
Ammonium nitrate,2045,Brazil,Electrolyser efficiency,kWh/tH2,46000
Urea,2045,Brazil,Electrolyser efficiency,kWh/tH2,46000
Ammonia,2045,Saudi Arabia,Electrolyser efficiency,kWh/tH2,46000
Ammonium nitrate,2045,Saudi Arabia,Electrolyser efficiency,kWh/tH2,46000
Urea,2045,Saudi Arabia,Electrolyser efficiency,kWh/tH2,46000
Ammonia,2045,Namibia,Electrolyser efficiency,kWh/tH2,46000
Ammonium nitrate,2045,Namibia,Electrolyser efficiency,kWh/tH2,46000
Urea,2045,Namibia,Electrolyser efficiency,kWh/tH2,46000
Ammonia,2045,Australia,Electrolyser efficiency,kWh/tH2,46000
Ammonium nitrate,2045,Australia,Electrolyser efficiency,kWh/tH2,46000
Urea,2045,Australia,Electrolyser efficiency,kWh/tH2,46000
Ammonia,2046,China,Electrolyser efficiency,kWh/tH2,45800
Ammonium nitrate,2046,China,Electrolyser efficiency,kWh/tH2,45800
Urea,2046,China,Electrolyser efficiency,kWh/tH2,45800
Ammonia,2046,Rest of Asia,Electrolyser efficiency,kWh/tH2,45800
Ammonium nitrate,2046,Rest of Asia,Electrolyser efficiency,kWh/tH2,45800
Urea,2046,Rest of Asia,Electrolyser efficiency,kWh/tH2,45800
Ammonia,2046,North America,Electrolyser efficiency,kWh/tH2,45800
Ammonium nitrate,2046,North America,Electrolyser efficiency,kWh/tH2,45800
Urea,2046,North America,Electrolyser efficiency,kWh/tH2,45800
Ammonia,2046,Russia,Electrolyser efficiency,kWh/tH2,45800
Ammonium nitrate,2046,Russia,Electrolyser efficiency,kWh/tH2,45800
Urea,2046,Russia,Electrolyser efficiency,kWh/tH2,45800
Ammonia,2046,Europe,Electrolyser efficiency,kWh/tH2,45800
Ammonium nitrate,2046,Europe,Electrolyser efficiency,kWh/tH2,45800
Urea,2046,Europe,Electrolyser efficiency,kWh/tH2,45800
Ammonia,2046,India,Electrolyser efficiency,kWh/tH2,45800
Ammonium nitrate,2046,India,Electrolyser efficiency,kWh/tH2,45800
Urea,2046,India,Electrolyser efficiency,kWh/tH2,45800
Ammonia,2046,Middle East,Electrolyser efficiency,kWh/tH2,45800
Ammonium nitrate,2046,Middle East,Electrolyser efficiency,kWh/tH2,45800
Urea,2046,Middle East,Electrolyser efficiency,kWh/tH2,45800
Ammonia,2046,Africa,Electrolyser efficiency,kWh/tH2,45800
Ammonium nitrate,2046,Africa,Electrolyser efficiency,kWh/tH2,45800
Urea,2046,Africa,Electrolyser efficiency,kWh/tH2,45800
Ammonia,2046,Latin America,Electrolyser efficiency,kWh/tH2,45800
Ammonium nitrate,2046,Latin America,Electrolyser efficiency,kWh/tH2,45800
Urea,2046,Latin America,Electrolyser efficiency,kWh/tH2,45800
Ammonia,2046,Oceania,Electrolyser efficiency,kWh/tH2,45800
Ammonium nitrate,2046,Oceania,Electrolyser efficiency,kWh/tH2,45800
Urea,2046,Oceania,Electrolyser efficiency,kWh/tH2,45800
Ammonia,2046,Brazil,Electrolyser efficiency,kWh/tH2,45800
Ammonium nitrate,2046,Brazil,Electrolyser efficiency,kWh/tH2,45800
Urea,2046,Brazil,Electrolyser efficiency,kWh/tH2,45800
Ammonia,2046,Saudi Arabia,Electrolyser efficiency,kWh/tH2,45800
Ammonium nitrate,2046,Saudi Arabia,Electrolyser efficiency,kWh/tH2,45800
Urea,2046,Saudi Arabia,Electrolyser efficiency,kWh/tH2,45800
Ammonia,2046,Namibia,Electrolyser efficiency,kWh/tH2,45800
Ammonium nitrate,2046,Namibia,Electrolyser efficiency,kWh/tH2,45800
Urea,2046,Namibia,Electrolyser efficiency,kWh/tH2,45800
Ammonia,2046,Australia,Electrolyser efficiency,kWh/tH2,45800
Ammonium nitrate,2046,Australia,Electrolyser efficiency,kWh/tH2,45800
Urea,2046,Australia,Electrolyser efficiency,kWh/tH2,45800
Ammonia,2047,China,Electrolyser efficiency,kWh/tH2,45600
Ammonium nitrate,2047,China,Electrolyser efficiency,kWh/tH2,45600
Urea,2047,China,Electrolyser efficiency,kWh/tH2,45600
Ammonia,2047,Rest of Asia,Electrolyser efficiency,kWh/tH2,45600
Ammonium nitrate,2047,Rest of Asia,Electrolyser efficiency,kWh/tH2,45600
Urea,2047,Rest of Asia,Electrolyser efficiency,kWh/tH2,45600
Ammonia,2047,North America,Electrolyser efficiency,kWh/tH2,45600
Ammonium nitrate,2047,North America,Electrolyser efficiency,kWh/tH2,45600
Urea,2047,North America,Electrolyser efficiency,kWh/tH2,45600
Ammonia,2047,Russia,Electrolyser efficiency,kWh/tH2,45600
Ammonium nitrate,2047,Russia,Electrolyser efficiency,kWh/tH2,45600
Urea,2047,Russia,Electrolyser efficiency,kWh/tH2,45600
Ammonia,2047,Europe,Electrolyser efficiency,kWh/tH2,45600
Ammonium nitrate,2047,Europe,Electrolyser efficiency,kWh/tH2,45600
Urea,2047,Europe,Electrolyser efficiency,kWh/tH2,45600
Ammonia,2047,India,Electrolyser efficiency,kWh/tH2,45600
Ammonium nitrate,2047,India,Electrolyser efficiency,kWh/tH2,45600
Urea,2047,India,Electrolyser efficiency,kWh/tH2,45600
Ammonia,2047,Middle East,Electrolyser efficiency,kWh/tH2,45600
Ammonium nitrate,2047,Middle East,Electrolyser efficiency,kWh/tH2,45600
Urea,2047,Middle East,Electrolyser efficiency,kWh/tH2,45600
Ammonia,2047,Africa,Electrolyser efficiency,kWh/tH2,45600
Ammonium nitrate,2047,Africa,Electrolyser efficiency,kWh/tH2,45600
Urea,2047,Africa,Electrolyser efficiency,kWh/tH2,45600
Ammonia,2047,Latin America,Electrolyser efficiency,kWh/tH2,45600
Ammonium nitrate,2047,Latin America,Electrolyser efficiency,kWh/tH2,45600
Urea,2047,Latin America,Electrolyser efficiency,kWh/tH2,45600
Ammonia,2047,Oceania,Electrolyser efficiency,kWh/tH2,45600
Ammonium nitrate,2047,Oceania,Electrolyser efficiency,kWh/tH2,45600
Urea,2047,Oceania,Electrolyser efficiency,kWh/tH2,45600
Ammonia,2047,Brazil,Electrolyser efficiency,kWh/tH2,45600
Ammonium nitrate,2047,Brazil,Electrolyser efficiency,kWh/tH2,45600
Urea,2047,Brazil,Electrolyser efficiency,kWh/tH2,45600
Ammonia,2047,Saudi Arabia,Electrolyser efficiency,kWh/tH2,45600
Ammonium nitrate,2047,Saudi Arabia,Electrolyser efficiency,kWh/tH2,45600
Urea,2047,Saudi Arabia,Electrolyser efficiency,kWh/tH2,45600
Ammonia,2047,Namibia,Electrolyser efficiency,kWh/tH2,45600
Ammonium nitrate,2047,Namibia,Electrolyser efficiency,kWh/tH2,45600
Urea,2047,Namibia,Electrolyser efficiency,kWh/tH2,45600
Ammonia,2047,Australia,Electrolyser efficiency,kWh/tH2,45600
Ammonium nitrate,2047,Australia,Electrolyser efficiency,kWh/tH2,45600
Urea,2047,Australia,Electrolyser efficiency,kWh/tH2,45600
Ammonia,2048,China,Electrolyser efficiency,kWh/tH2,45400
Ammonium nitrate,2048,China,Electrolyser efficiency,kWh/tH2,45400
Urea,2048,China,Electrolyser efficiency,kWh/tH2,45400
Ammonia,2048,Rest of Asia,Electrolyser efficiency,kWh/tH2,45400
Ammonium nitrate,2048,Rest of Asia,Electrolyser efficiency,kWh/tH2,45400
Urea,2048,Rest of Asia,Electrolyser efficiency,kWh/tH2,45400
Ammonia,2048,North America,Electrolyser efficiency,kWh/tH2,45400
Ammonium nitrate,2048,North America,Electrolyser efficiency,kWh/tH2,45400
Urea,2048,North America,Electrolyser efficiency,kWh/tH2,45400
Ammonia,2048,Russia,Electrolyser efficiency,kWh/tH2,45400
Ammonium nitrate,2048,Russia,Electrolyser efficiency,kWh/tH2,45400
Urea,2048,Russia,Electrolyser efficiency,kWh/tH2,45400
Ammonia,2048,Europe,Electrolyser efficiency,kWh/tH2,45400
Ammonium nitrate,2048,Europe,Electrolyser efficiency,kWh/tH2,45400
Urea,2048,Europe,Electrolyser efficiency,kWh/tH2,45400
Ammonia,2048,India,Electrolyser efficiency,kWh/tH2,45400
Ammonium nitrate,2048,India,Electrolyser efficiency,kWh/tH2,45400
Urea,2048,India,Electrolyser efficiency,kWh/tH2,45400
Ammonia,2048,Middle East,Electrolyser efficiency,kWh/tH2,45400
Ammonium nitrate,2048,Middle East,Electrolyser efficiency,kWh/tH2,45400
Urea,2048,Middle East,Electrolyser efficiency,kWh/tH2,45400
Ammonia,2048,Africa,Electrolyser efficiency,kWh/tH2,45400
Ammonium nitrate,2048,Africa,Electrolyser efficiency,kWh/tH2,45400
Urea,2048,Africa,Electrolyser efficiency,kWh/tH2,45400
Ammonia,2048,Latin America,Electrolyser efficiency,kWh/tH2,45400
Ammonium nitrate,2048,Latin America,Electrolyser efficiency,kWh/tH2,45400
Urea,2048,Latin America,Electrolyser efficiency,kWh/tH2,45400
Ammonia,2048,Oceania,Electrolyser efficiency,kWh/tH2,45400
Ammonium nitrate,2048,Oceania,Electrolyser efficiency,kWh/tH2,45400
Urea,2048,Oceania,Electrolyser efficiency,kWh/tH2,45400
Ammonia,2048,Brazil,Electrolyser efficiency,kWh/tH2,45400
Ammonium nitrate,2048,Brazil,Electrolyser efficiency,kWh/tH2,45400
Urea,2048,Brazil,Electrolyser efficiency,kWh/tH2,45400
Ammonia,2048,Saudi Arabia,Electrolyser efficiency,kWh/tH2,45400
Ammonium nitrate,2048,Saudi Arabia,Electrolyser efficiency,kWh/tH2,45400
Urea,2048,Saudi Arabia,Electrolyser efficiency,kWh/tH2,45400
Ammonia,2048,Namibia,Electrolyser efficiency,kWh/tH2,45400
Ammonium nitrate,2048,Namibia,Electrolyser efficiency,kWh/tH2,45400
Urea,2048,Namibia,Electrolyser efficiency,kWh/tH2,45400
Ammonia,2048,Australia,Electrolyser efficiency,kWh/tH2,45400
Ammonium nitrate,2048,Australia,Electrolyser efficiency,kWh/tH2,45400
Urea,2048,Australia,Electrolyser efficiency,kWh/tH2,45400
Ammonia,2049,China,Electrolyser efficiency,kWh/tH2,45200
Ammonium nitrate,2049,China,Electrolyser efficiency,kWh/tH2,45200
Urea,2049,China,Electrolyser efficiency,kWh/tH2,45200
Ammonia,2049,Rest of Asia,Electrolyser efficiency,kWh/tH2,45200
Ammonium nitrate,2049,Rest of Asia,Electrolyser efficiency,kWh/tH2,45200
Urea,2049,Rest of Asia,Electrolyser efficiency,kWh/tH2,45200
Ammonia,2049,North America,Electrolyser efficiency,kWh/tH2,45200
Ammonium nitrate,2049,North America,Electrolyser efficiency,kWh/tH2,45200
Urea,2049,North America,Electrolyser efficiency,kWh/tH2,45200
Ammonia,2049,Russia,Electrolyser efficiency,kWh/tH2,45200
Ammonium nitrate,2049,Russia,Electrolyser efficiency,kWh/tH2,45200
Urea,2049,Russia,Electrolyser efficiency,kWh/tH2,45200
Ammonia,2049,Europe,Electrolyser efficiency,kWh/tH2,45200
Ammonium nitrate,2049,Europe,Electrolyser efficiency,kWh/tH2,45200
Urea,2049,Europe,Electrolyser efficiency,kWh/tH2,45200
Ammonia,2049,India,Electrolyser efficiency,kWh/tH2,45200
Ammonium nitrate,2049,India,Electrolyser efficiency,kWh/tH2,45200
Urea,2049,India,Electrolyser efficiency,kWh/tH2,45200
Ammonia,2049,Middle East,Electrolyser efficiency,kWh/tH2,45200
Ammonium nitrate,2049,Middle East,Electrolyser efficiency,kWh/tH2,45200
Urea,2049,Middle East,Electrolyser efficiency,kWh/tH2,45200
Ammonia,2049,Africa,Electrolyser efficiency,kWh/tH2,45200
Ammonium nitrate,2049,Africa,Electrolyser efficiency,kWh/tH2,45200
Urea,2049,Africa,Electrolyser efficiency,kWh/tH2,45200
Ammonia,2049,Latin America,Electrolyser efficiency,kWh/tH2,45200
Ammonium nitrate,2049,Latin America,Electrolyser efficiency,kWh/tH2,45200
Urea,2049,Latin America,Electrolyser efficiency,kWh/tH2,45200
Ammonia,2049,Oceania,Electrolyser efficiency,kWh/tH2,45200
Ammonium nitrate,2049,Oceania,Electrolyser efficiency,kWh/tH2,45200
Urea,2049,Oceania,Electrolyser efficiency,kWh/tH2,45200
Ammonia,2049,Brazil,Electrolyser efficiency,kWh/tH2,45200
Ammonium nitrate,2049,Brazil,Electrolyser efficiency,kWh/tH2,45200
Urea,2049,Brazil,Electrolyser efficiency,kWh/tH2,45200
Ammonia,2049,Saudi Arabia,Electrolyser efficiency,kWh/tH2,45200
Ammonium nitrate,2049,Saudi Arabia,Electrolyser efficiency,kWh/tH2,45200
Urea,2049,Saudi Arabia,Electrolyser efficiency,kWh/tH2,45200
Ammonia,2049,Namibia,Electrolyser efficiency,kWh/tH2,45200
Ammonium nitrate,2049,Namibia,Electrolyser efficiency,kWh/tH2,45200
Urea,2049,Namibia,Electrolyser efficiency,kWh/tH2,45200
Ammonia,2049,Australia,Electrolyser efficiency,kWh/tH2,45200
Ammonium nitrate,2049,Australia,Electrolyser efficiency,kWh/tH2,45200
Urea,2049,Australia,Electrolyser efficiency,kWh/tH2,45200
Ammonia,2050,China,Electrolyser efficiency,kWh/tH2,45000
Ammonium nitrate,2050,China,Electrolyser efficiency,kWh/tH2,45000
Urea,2050,China,Electrolyser efficiency,kWh/tH2,45000
Ammonia,2050,Rest of Asia,Electrolyser efficiency,kWh/tH2,45000
Ammonium nitrate,2050,Rest of Asia,Electrolyser efficiency,kWh/tH2,45000
Urea,2050,Rest of Asia,Electrolyser efficiency,kWh/tH2,45000
Ammonia,2050,North America,Electrolyser efficiency,kWh/tH2,45000
Ammonium nitrate,2050,North America,Electrolyser efficiency,kWh/tH2,45000
Urea,2050,North America,Electrolyser efficiency,kWh/tH2,45000
Ammonia,2050,Russia,Electrolyser efficiency,kWh/tH2,45000
Ammonium nitrate,2050,Russia,Electrolyser efficiency,kWh/tH2,45000
Urea,2050,Russia,Electrolyser efficiency,kWh/tH2,45000
Ammonia,2050,Europe,Electrolyser efficiency,kWh/tH2,45000
Ammonium nitrate,2050,Europe,Electrolyser efficiency,kWh/tH2,45000
Urea,2050,Europe,Electrolyser efficiency,kWh/tH2,45000
Ammonia,2050,India,Electrolyser efficiency,kWh/tH2,45000
Ammonium nitrate,2050,India,Electrolyser efficiency,kWh/tH2,45000
Urea,2050,India,Electrolyser efficiency,kWh/tH2,45000
Ammonia,2050,Middle East,Electrolyser efficiency,kWh/tH2,45000
Ammonium nitrate,2050,Middle East,Electrolyser efficiency,kWh/tH2,45000
Urea,2050,Middle East,Electrolyser efficiency,kWh/tH2,45000
Ammonia,2050,Africa,Electrolyser efficiency,kWh/tH2,45000
Ammonium nitrate,2050,Africa,Electrolyser efficiency,kWh/tH2,45000
Urea,2050,Africa,Electrolyser efficiency,kWh/tH2,45000
Ammonia,2050,Latin America,Electrolyser efficiency,kWh/tH2,45000
Ammonium nitrate,2050,Latin America,Electrolyser efficiency,kWh/tH2,45000
Urea,2050,Latin America,Electrolyser efficiency,kWh/tH2,45000
Ammonia,2050,Oceania,Electrolyser efficiency,kWh/tH2,45000
Ammonium nitrate,2050,Oceania,Electrolyser efficiency,kWh/tH2,45000
Urea,2050,Oceania,Electrolyser efficiency,kWh/tH2,45000
Ammonia,2050,Brazil,Electrolyser efficiency,kWh/tH2,45000
Ammonium nitrate,2050,Brazil,Electrolyser efficiency,kWh/tH2,45000
Urea,2050,Brazil,Electrolyser efficiency,kWh/tH2,45000
Ammonia,2050,Saudi Arabia,Electrolyser efficiency,kWh/tH2,45000
Ammonium nitrate,2050,Saudi Arabia,Electrolyser efficiency,kWh/tH2,45000
Urea,2050,Saudi Arabia,Electrolyser efficiency,kWh/tH2,45000
Ammonia,2050,Namibia,Electrolyser efficiency,kWh/tH2,45000
Ammonium nitrate,2050,Namibia,Electrolyser efficiency,kWh/tH2,45000
Urea,2050,Namibia,Electrolyser efficiency,kWh/tH2,45000
Ammonia,2050,Australia,Electrolyser efficiency,kWh/tH2,45000
Ammonium nitrate,2050,Australia,Electrolyser efficiency,kWh/tH2,45000
Urea,2050,Australia,Electrolyser efficiency,kWh/tH2,45000
